task_id,release_minute,decision_step,origin,destination
0,0.0,0,Q1,S2
1,7.816666666666666,0,Q4,S5
2,18.9,1,Q2,S8
3,27.8,1,Q2,S5
4,29.4,1,Q1,S2
5,31.1,2,Q2,S7
6,40.78333333333333,2,Q1,S1
7,42.1,2,Q4,S8
8,42.13333333333333,2,Q1,S2
9,43.36666666666667,2,Q1,S11
10,44.11666666666667,2,Q1,S1
11,44.35,2,Q2,S5
12,45.916666666666664,3,Q4,S12
13,46.03333333333333,3,Q2,S1
14,46.75,3,Q4,S1
15,48.666666666666664,3,Q4,S12
16,48.95,3,Q2,S4
17,49.88333333333333,3,Q2,S12
18,50.016666666666666,3,Q4,S7
19,50.71666666666667,3,Q4,S8
20,59.016666666666666,3,Q4,S4
21,60.71666666666667,4,Q2,S2
22,61.583333333333336,4,Q4,S2
23,61.733333333333334,4,Q4,S11
24,62.766666666666666,4,Q2,S12
25,63.13333333333333,4,Q2,S2
26,63.483333333333334,4,Q2,S4
27,63.516666666666666,4,Q4,S4
28,63.8,4,Q4,S4
29,63.983333333333334,4,Q2,S2
30,64.91666666666667,4,Q4,S7
31,65.96666666666667,4,Q2,S10
32,66.06666666666666,4,Q4,S1
33,67.21666666666667,4,Q2,S12
34,67.55,4,Q2,S7
35,67.6,4,Q2,S10
36,68.91666666666667,4,Q4,S4
37,69.76666666666667,4,Q2,S4
38,69.76666666666667,4,Q4,S11
39,70.06666666666666,4,Q2,S12
40,71.58333333333333,4,Q2,S11
41,72.2,4,Q4,S7
42,73.15,4,Q2,S12
43,73.88333333333334,4,Q2,S3
44,74.45,4,Q4,S11
45,75.0,5,Q4,S11
46,75.43333333333334,5,Q2,S4
47,76.48333333333333,5,Q4,S11
48,76.73333333333333,5,Q4,S8
49,78.25,5,Q2,S4
50,78.68333333333334,5,Q4,S8
51,80.35,5,Q4,S9
52,80.56666666666666,5,Q4,S11
53,82.68333333333334,5,Q4,S11
54,82.96666666666667,5,Q4,S8
55,83.75,5,Q2,S1
56,84.65,5,Q2,S1
57,85.9,5,Q4,S8
58,86.1,5,Q4,S8
59,87.13333333333334,5,Q2,S4
60,87.23333333333333,5,Q2,S1
61,87.3,5,Q4,S5
62,88.83333333333333,5,Q2,S2
63,89.18333333333334,5,Q2,S4
64,89.73333333333333,5,Q4,S2
65,89.78333333333333,5,Q2,S10
66,91.43333333333334,6,Q4,S8
67,91.6,6,Q2,S2
68,91.83333333333333,6,Q4,S7
69,93.15,6,Q2,S1
70,93.68333333333334,6,Q2,S2
71,94.85,6,Q4,S4
72,95.73333333333333,6,Q2,S1
73,95.91666666666667,6,Q4,S2
74,96.05,6,Q2,S8
75,96.1,6,Q4,S4
76,96.15,6,Q2,S1
77,97.28333333333333,6,Q4,S11
78,97.85,6,Q2,S1
79,100.38333333333334,6,Q2,S2
80,101.73333333333333,6,Q3,S5
81,101.73333333333333,6,Q3,S1
82,102.21666666666667,6,Q4,S1
83,102.58333333333333,6,Q3,S1
84,106.58333333333333,7,Q3,S12
85,107.9,7,Q3,S12
86,109.7,7,Q3,S12
87,110.2,7,Q4,S10
88,111.65,7,Q4,S10
89,112.23333333333333,7,Q4,S10
90,112.41666666666667,7,Q4,S12
91,114.26666666666667,7,Q4,S10
92,156.3,10,Q4,S9
93,156.5,10,Q4,S2
94,157.0,10,Q4,S1
95,158.95,10,Q2,S2
96,159.23333333333332,10,Q2,S1
97,160.36666666666667,10,Q4,S10
98,161.13333333333333,10,Q4,S10
99,163.48333333333332,10,Q3,S2
100,164.1,10,Q2,S12
101,165.35,11,Q3,S2
102,166.65,11,Q3,S1
103,166.71666666666667,11,Q3,S4
104,167.26666666666668,11,Q3,S1
105,170.43333333333334,11,Q3,S12
106,170.51666666666668,11,Q3,S8
107,170.71666666666667,11,Q3,S1
108,170.9,11,Q3,S2
109,171.95,11,Q3,S1
110,172.88333333333333,11,Q3,S2
111,173.2,11,Q3,S11
112,173.58333333333334,11,Q3,S9
113,174.56666666666666,11,Q3,S1
114,174.66666666666666,11,Q3,S1
115,176.08333333333334,11,Q4,S3
116,176.68333333333334,11,Q4,S1
117,177.2,11,Q3,S1
118,177.56666666666666,11,Q4,S4
119,178.53333333333333,11,Q3,S2
120,179.05,11,Q3,S1
121,207.0,13,Q3,S12
122,208.96666666666667,13,Q2,S2
123,209.81666666666666,13,Q3,S7
124,209.81666666666666,13,Q3,S2
125,210.48333333333332,14,Q3,S8
126,210.48333333333332,14,Q3,S8
127,210.5,14,Q3,S8
128,210.81666666666666,14,Q2,S2
129,211.35,14,Q3,S2
130,212.23333333333332,14,Q3,S1
131,212.66666666666666,14,Q2,S2
132,212.91666666666666,14,Q3,S1
133,213.1,14,Q3,S8
134,213.1,14,Q3,S8
135,213.13333333333333,14,Q3,S1
136,214.23333333333332,14,Q3,S2
137,214.55,14,Q2,S7
138,214.61666666666667,14,Q2,S2
139,215.13333333333333,14,Q3,S4
140,215.48333333333332,14,Q3,S8
141,215.48333333333332,14,Q3,S8
142,215.88333333333333,14,Q3,S8
143,216.03333333333333,14,Q2,S2
144,216.95,14,Q3,S2
145,217.81666666666666,14,Q3,S10
146,217.81666666666666,14,Q3,S12
147,217.85,14,Q3,S1
148,217.88333333333333,14,Q2,S7
149,219.36666666666667,14,Q3,S2
150,219.65,14,Q3,S2
151,220.03333333333333,14,Q2,S2
152,220.25,14,Q2,S7
153,220.5,14,Q3,S8
154,220.98333333333332,14,Q3,S8
155,222.01666666666668,14,Q3,S3
156,222.01666666666668,14,Q3,S1
157,222.28333333333333,14,Q4,S2
158,222.73333333333332,14,Q2,S4
159,223.26666666666668,14,Q3,S3
160,223.26666666666668,14,Q3,S3
161,223.35,14,Q3,S11
162,223.96666666666667,14,Q3,S4
163,223.96666666666667,14,Q3,S4
164,223.98333333333332,14,Q2,S7
165,224.18333333333334,14,Q3,S10
166,224.73333333333332,14,Q2,S2
167,225.11666666666667,15,Q3,S8
168,225.7,15,Q3,S1
169,225.73333333333332,15,Q4,S9
170,226.36666666666667,15,Q2,S1
171,226.48333333333332,15,Q2,S8
172,226.93333333333334,15,Q3,S4
173,226.93333333333334,15,Q3,S4
174,227.21666666666667,15,Q3,S8
175,227.26666666666668,15,Q3,S8
176,227.66666666666666,15,Q3,S2
177,227.66666666666666,15,Q3,S4
178,229.38333333333333,15,Q3,S4
179,229.38333333333333,15,Q3,S4
180,230.08333333333334,15,Q2,S7
181,230.11666666666667,15,Q3,S4
182,231.33333333333334,15,Q3,S8
183,231.33333333333334,15,Q3,S7
184,233.18333333333334,15,S5,Q3
185,233.4,15,Q3,S2
186,233.98333333333332,15,Q3,S1
187,233.98333333333332,15,Q3,S1
188,234.8,15,Q3,S4
189,234.8,15,Q3,S1
190,236.38333333333333,15,Q2,S7
191,236.8,15,Q4,S8
192,237.2,15,Q4,S8
193,237.81666666666666,15,Q3,S1
194,237.93333333333334,15,Q3,S12
195,237.93333333333334,15,Q3,S8
196,237.93333333333334,15,Q3,S12
197,238.96666666666667,15,Q4,S8
198,239.91666666666666,15,Q2,S1
199,240.3,16,Q4,S8
200,240.38333333333333,16,Q3,S8
201,240.53333333333333,16,Q3,S12
202,240.53333333333333,16,Q3,S12
203,240.9,16,Q3,S4
204,241.25,16,Q2,S1
205,241.35,16,Q4,S8
206,244.28333333333333,16,S5,Q3
207,244.53333333333333,16,Q2,S2
208,246.08333333333334,16,Q4,S1
209,246.23333333333332,16,Q3,S1
210,246.38333333333333,16,Q3,S12
211,246.75,16,Q2,S2
212,247.53333333333333,16,Q3,S12
213,247.53333333333333,16,Q3,S12
214,248.93333333333334,16,Q4,S8
215,249.08333333333334,16,Q3,S1
216,249.5,16,Q2,S4
217,249.85,16,Q3,S4
218,250.83333333333334,16,Q2,S3
219,251.36666666666667,16,Q3,S3
220,251.36666666666667,16,Q3,S3
221,251.68333333333334,16,S5,Q3
222,251.76666666666668,16,Q4,S4
223,251.85,16,Q2,S1
224,253.48333333333332,16,Q2,S8
225,253.66666666666666,16,Q4,S8
226,253.73333333333332,16,Q3,S4
227,253.73333333333332,16,Q3,S4
228,255.63333333333333,17,Q3,S9
229,256.01666666666665,17,S5,Q3
230,256.21666666666664,17,Q2,S1
231,256.45,17,Q3,S10
232,256.45,17,Q3,S10
233,257.85,17,Q2,S1
234,258.28333333333336,17,Q3,S2
235,258.3666666666667,17,S5,Q3
236,258.81666666666666,17,Q4,S8
237,259.1166666666667,17,Q3,S4
238,259.56666666666666,17,Q3,S9
239,260.03333333333336,17,Q2,S1
240,260.15,17,Q3,S12
241,260.15,17,Q3,S12
242,260.1666666666667,17,Q2,S1
243,260.3333333333333,17,Q2,S2
244,260.5,17,Q4,S8
245,261.0833333333333,17,Q3,S1
246,261.0833333333333,17,Q3,S1
247,261.6666666666667,17,S5,Q3
248,262.0,17,Q2,S5
249,262.18333333333334,17,Q3,S9
250,262.55,17,Q2,S8
251,263.03333333333336,17,Q3,S1
252,263.03333333333336,17,Q3,S1
253,263.3833333333333,17,S4,Q3
254,263.6666666666667,17,S5,Q3
255,263.8666666666667,17,Q3,S12
256,263.8666666666667,17,Q3,S12
257,265.3833333333333,17,Q4,S8
258,266.21666666666664,17,Q3,S4
259,266.21666666666664,17,Q3,S1
260,266.3833333333333,17,Q2,S1
261,266.6,17,Q3,S9
262,266.6,17,Q3,S9
263,267.05,17,S2,Q3
264,267.5,17,Q4,S8
265,268.4166666666667,17,Q3,S9
266,268.53333333333336,17,S5,Q3
267,269.68333333333334,17,Q4,S11
268,269.8,17,Q2,S1
269,270.43333333333334,18,Q2,S1
270,270.65,18,Q3,S9
271,271.5,18,Q4,S11
272,271.75,18,S2,Q3
273,272.3833333333333,18,Q2,S3
274,273.06666666666666,18,S2,Q3
275,273.48333333333335,18,Q4,S8
276,273.68333333333334,18,S5,Q3
277,273.75,18,Q2,S1
278,274.73333333333335,18,Q3,S4
279,274.73333333333335,18,Q3,S4
280,274.8666666666667,18,Q2,S8
281,275.05,18,Q2,S8
282,275.1333333333333,18,Q4,S8
283,275.21666666666664,18,Q2,S1
284,275.28333333333336,18,Q3,S1
285,275.28333333333336,18,Q3,S4
286,275.65,18,Q3,S8
287,275.93333333333334,18,Q4,S1
288,276.6333333333333,18,Q2,S7
289,276.6333333333333,18,Q2,S11
290,277.53333333333336,18,S4,Q3
291,278.1166666666667,18,Q2,S11
292,278.21666666666664,18,Q3,S8
293,278.6333333333333,18,Q3,S8
294,279.48333333333335,18,Q3,S9
295,279.8333333333333,18,S5,Q3
296,280.03333333333336,18,Q2,S7
297,280.03333333333336,18,Q2,S4
298,280.5,18,Q3,S4
299,280.5,18,Q3,S1
300,281.26666666666665,18,Q4,S9
301,281.4,18,Q2,S8
302,282.1166666666667,18,S4,Q3
303,282.55,18,Q2,S1
304,282.6166666666667,18,Q3,S12
305,282.6166666666667,18,Q3,S12
306,283.1,18,Q3,S9
307,283.2,18,Q3,S8
308,283.75,18,S11,Q4
309,284.4166666666667,18,S5,Q3
310,284.51666666666665,18,Q3,S1
311,284.51666666666665,18,Q3,S1
312,285.26666666666665,19,Q3,S5
313,285.5833333333333,19,S11,Q4
314,285.5833333333333,19,S2,Q3
315,285.6,19,Q2,S8
316,287.93333333333334,19,Q3,S8
317,288.0,19,S7,Q4
318,288.06666666666666,19,Q3,S9
319,288.35,19,S4,Q3
320,288.6333333333333,19,Q2,S8
321,288.78333333333336,19,Q3,S12
322,288.78333333333336,19,Q3,S12
323,288.9,19,S2,Q3
324,290.5,19,Q4,S12
325,290.73333333333335,19,S4,Q3
326,290.75,19,Q3,S9
327,291.03333333333336,19,S5,Q3
328,292.4166666666667,19,Q2,S1
329,292.45,19,Q3,S8
330,292.8,19,Q2,S11
331,293.3833333333333,19,S5,Q3
332,293.4,19,Q2,S1
333,293.43333333333334,19,S2,Q3
334,293.45,19,Q3,S3
335,294.68333333333334,19,Q3,S11
336,295.85,19,Q3,S1
337,296.1666666666667,19,Q3,S11
338,296.1666666666667,19,Q3,S11
339,296.7,19,Q2,S7
340,297.55,19,Q2,S2
341,297.55,19,Q2,S10
342,297.95,19,Q3,S11
343,297.95,19,Q3,S12
344,298.55,19,S2,Q3
345,298.93333333333334,19,Q2,S10
346,298.93333333333334,19,Q2,S10
347,299.01666666666665,19,Q3,S2
348,299.6166666666667,19,Q3,S2
349,299.68333333333334,19,S7,Q4
350,299.7,19,S5,Q3
351,300.03333333333336,20,Q2,S11
352,300.1666666666667,20,Q4,S2
353,300.93333333333334,20,Q3,S1
354,301.06666666666666,20,Q3,S9
355,301.06666666666666,20,Q3,S12
356,302.03333333333336,20,S5,Q3
357,302.3,20,Q2,S4
358,302.98333333333335,20,S11,Q3
359,303.1,20,Q2,S11
360,303.25,20,S4,Q3
361,304.23333333333335,20,S11,Q3
362,304.3,20,Q2,S11
363,305.18333333333334,20,Q3,S3
364,305.2,20,S7,Q4
365,305.5,20,Q4,S8
366,305.5,20,Q4,S8
367,306.15,20,Q2,S1
368,307.2,20,Q2,S11
369,307.2,20,S11,Q3
370,307.35,20,S5,Q3
371,307.35,20,Q2,S2
372,308.1166666666667,20,Q3,S2
373,308.21666666666664,20,S11,Q3
374,308.45,20,Q3,S12
375,308.45,20,Q3,S12
376,308.93333333333334,20,Q3,S8
377,309.01666666666665,20,S11,Q4
378,309.46666666666664,20,Q4,S9
379,309.46666666666664,20,Q4,S9
380,309.6166666666667,20,Q2,S1
381,309.81666666666666,20,S5,Q3
382,311.7,20,Q3,S12
383,311.7,20,Q3,S12
384,312.1666666666667,20,S5,Q3
385,312.28333333333336,20,S11,Q4
386,313.01666666666665,20,Q4,S8
387,313.31666666666666,20,Q2,S11
388,314.01666666666665,20,S11,Q3
389,314.73333333333335,20,S11,Q4
390,315.0,21,Q3,S11
391,315.53333333333336,21,S4,Q3
392,316.06666666666666,21,Q2,S11
393,316.06666666666666,21,Q2,S11
394,316.7,21,S11,Q3
395,317.1,21,S11,Q4
396,317.3833333333333,21,Q2,S11
397,317.3833333333333,21,Q2,S1
398,317.55,21,Q3,S12
399,317.55,21,Q3,S12
400,317.8666666666667,21,Q3,S3
401,317.95,21,Q3,S1
402,318.15,21,S11,Q4
403,318.43333333333334,21,Q4,S11
404,318.6,21,S4,Q3
405,318.71666666666664,21,Q2,S9
406,318.71666666666664,21,Q2,S7
407,318.78333333333336,21,S5,Q3
408,320.4,21,S8,Q3
409,320.43333333333334,21,S11,Q3
410,320.6,21,Q2,S1
411,320.6,21,Q2,S1
412,320.6666666666667,21,Q3,S3
413,320.6666666666667,21,Q3,S3
414,321.43333333333334,21,S11,Q3
415,321.6666666666667,21,Q3,S4
416,321.9,21,Q2,S1
417,322.4166666666667,21,S4,Q3
418,322.98333333333335,21,Q3,S2
419,323.1,21,Q3,S9
420,323.1,21,Q3,S9
421,323.1,21,Q2,S2
422,323.1,21,Q2,S11
423,323.6,21,S4,Q3
424,323.96666666666664,21,Q2,S1
425,324.6333333333333,21,S4,Q3
426,325.45,21,Q4,S8
427,325.6666666666667,21,Q2,S1
428,326.31666666666666,21,Q3,S2
429,326.5,21,Q4,S8
430,326.55,21,Q3,S8
431,326.68333333333334,21,Q2,S8
432,326.68333333333334,21,Q2,S10
433,327.1166666666667,21,Q2,S10
434,327.4,21,S8,Q3
435,327.48333333333335,21,Q2,S11
436,327.48333333333335,21,Q2,S9
437,328.56666666666666,21,S4,Q3
438,328.6333333333333,21,Q2,S2
439,329.01666666666665,21,Q2,S10
440,329.65,21,S11,Q4
441,330.8666666666667,22,Q4,S2
442,331.05,22,Q3,S1
443,331.3333333333333,22,S2,Q3
444,331.6333333333333,22,Q2,S1
445,331.6333333333333,22,Q2,S1
446,332.31666666666666,22,Q4,S3
447,332.68333333333334,22,Q2,S2
448,333.03333333333336,22,Q2,S2
449,333.18333333333334,22,S4,Q3
450,333.51666666666665,22,S4,Q3
451,334.6166666666667,22,S11,Q4
452,334.6666666666667,22,Q2,S2
453,334.96666666666664,22,S4,Q3
454,334.96666666666664,22,Q3,S8
455,335.3,22,S2,Q3
456,335.3333333333333,22,Q2,S1
457,335.3333333333333,22,Q2,S1
458,335.51666666666665,22,Q4,S3
459,336.78333333333336,22,S4,Q3
460,336.81666666666666,22,S8,Q3
461,336.85,22,S4,Q3
462,337.03333333333336,22,Q2,S2
463,337.6,22,Q2,S2
464,337.93333333333334,22,S4,Q3
465,338.21666666666664,22,S8,Q3
466,338.8666666666667,22,S4,Q3
467,339.15,22,Q4,S2
468,339.1666666666667,22,S2,Q3
469,339.28333333333336,22,Q2,S10
470,339.28333333333336,22,Q2,S1
471,340.21666666666664,22,S8,Q3
472,341.15,22,Q3,S2
473,341.5,22,S4,Q3
474,342.6166666666667,22,S4,Q3
475,342.9166666666667,22,Q2,S2
476,343.1333333333333,22,S2,Q3
477,343.23333333333335,22,Q4,S2
478,343.4166666666667,22,S8,Q3
479,343.8833333333333,22,Q2,S2
480,344.28333333333336,22,Q2,S2
481,344.5833333333333,22,S8,Q3
482,344.76666666666665,22,S4,Q3
483,345.15,23,Q2,S4
484,345.15,23,Q2,S4
485,345.6666666666667,23,Q3,S11
486,346.9,23,Q2,S2
487,347.0833333333333,23,S8,Q3
488,347.51666666666665,23,S2,Q3
489,347.65,23,S4,Q3
490,347.71666666666664,23,Q4,S11
491,347.81666666666666,23,S8,Q3
492,348.43333333333334,23,Q2,S1
493,348.43333333333334,23,Q2,S1
494,348.46666666666664,23,S8,Q3
495,349.1666666666667,23,Q4,S8
496,349.4,23,S4,Q3
497,350.3833333333333,23,Q2,S2
498,350.85,23,Q3,S11
499,350.85,23,S8,Q3
500,351.28333333333336,23,S8,Q3
501,352.3333333333333,23,S4,Q3
502,352.78333333333336,23,Q2,S2
503,354.06666666666666,23,S10,Q3
504,355.15,23,Q2,S2
505,355.8333333333333,23,S8,Q3
506,356.1333333333333,23,Q3,S11
507,357.1666666666667,23,S7,Q3
508,357.31666666666666,23,Q4,S11
509,357.8833333333333,23,S10,Q3
510,357.9166666666667,23,Q3,S7
511,358.5833333333333,23,S7,Q3
512,358.71666666666664,23,Q2,S2
513,359.18333333333334,23,Q2,S2
514,359.21666666666664,23,S4,Q3
515,359.43333333333334,23,Q2,S5
516,360.03333333333336,24,S10,Q3
517,360.28333333333336,24,Q2,S3
518,360.3666666666667,24,Q3,S1
519,360.6666666666667,24,Q4,S9
520,360.71666666666664,24,Q2,S1
521,360.71666666666664,24,Q2,S1
522,360.9166666666667,24,Q2,S2
523,360.98333333333335,24,Q3,S4
524,361.21666666666664,24,S7,Q3
525,362.51666666666665,24,S4,Q3
526,362.8666666666667,24,Q2,S1
527,362.9166666666667,24,Q2,S2
528,362.9166666666667,24,Q2,S2
529,363.0,24,S8,Q3
530,363.35,24,Q2,S1
531,363.6333333333333,24,Q2,S2
532,364.3666666666667,24,S4,Q3
533,364.95,24,Q3,S9
534,364.95,24,S7,Q3
535,365.1333333333333,24,Q2,S10
536,365.1333333333333,24,Q2,S2
537,365.26666666666665,24,Q3,S8
538,366.4166666666667,24,Q2,S1
539,366.8,24,Q2,S7
540,366.8,24,Q2,S7
541,366.9166666666667,24,Q4,S9
542,367.15,24,Q2,S2
543,369.0833333333333,24,Q3,S2
544,369.25,24,Q2,S4
545,369.25,24,Q2,S4
546,369.46666666666664,24,Q3,S8
547,370.01666666666665,24,Q2,S11
548,370.01666666666665,24,Q2,S2
549,371.1,24,S10,Q3
550,371.6333333333333,24,Q4,S3
551,371.8,24,Q2,S11
552,371.8,24,Q2,S11
553,371.95,24,Q3,S4
554,372.3666666666667,24,Q4,S3
555,372.6166666666667,24,S7,Q3
556,373.0833333333333,24,S4,Q3
557,373.26666666666665,24,S10,Q3
558,373.5,24,Q3,S12
559,375.03333333333336,25,Q2,S3
560,375.0833333333333,25,Q2,S8
561,375.3833333333333,25,Q4,S5
562,375.4,25,Q3,S4
563,375.68333333333334,25,Q2,S1
564,376.35,25,Q4,S10
565,376.85,25,Q3,S12
566,377.1166666666667,25,S4,Q3
567,377.21666666666664,25,S8,Q3
568,377.23333333333335,25,S4,Q3
569,377.48333333333335,25,Q2,S12
570,377.96666666666664,25,S7,Q3
571,378.71666666666664,25,S10,Q3
572,379.55,25,Q4,S10
573,379.5833333333333,25,S8,Q3
574,380.5,25,S8,Q3
575,380.51666666666665,25,Q3,S4
576,380.6166666666667,25,Q2,S5
577,380.76666666666665,25,Q3,S8
578,381.25,25,S4,Q3
579,381.73333333333335,25,Q2,S4
580,381.73333333333335,25,Q2,S2
581,383.35,25,Q2,S4
582,383.35,25,Q2,S4
583,383.51666666666665,25,S4,Q3
584,383.55,25,S10,Q3
585,383.71666666666664,25,Q2,S2
586,383.73333333333335,25,Q3,S12
587,383.98333333333335,25,S8,Q3
588,384.4,25,Q3,S4
589,385.0,25,S4,Q3
590,385.48333333333335,25,S8,Q3
591,385.76666666666665,25,S10,Q3
592,385.8,25,Q2,S8
593,385.8,25,Q2,S10
594,385.85,25,Q2,S10
595,386.6166666666667,25,Q2,S4
596,386.6166666666667,25,Q2,S12
597,386.9166666666667,25,Q4,S12
598,386.9166666666667,25,Q4,S12
599,386.96666666666664,25,Q2,S4
600,386.96666666666664,25,Q2,S2
601,387.0833333333333,25,Q3,S2
602,387.6,25,Q3,S8
603,388.7,25,Q2,S2
604,388.7,25,Q2,S2
605,388.7,25,Q2,S4
606,388.7,25,Q2,S4
607,388.78333333333336,25,Q4,S9
608,388.78333333333336,25,Q4,S9
609,389.68333333333334,25,S8,Q3
610,391.3,26,S4,Q3
611,391.5833333333333,26,Q2,S10
612,391.5833333333333,26,Q2,S4
613,391.8666666666667,26,Q2,S4
614,391.8666666666667,26,Q2,S4
615,392.01666666666665,26,Q3,S2
616,392.0833333333333,26,Q4,S1
617,392.0833333333333,26,Q4,S1
618,392.53333333333336,26,S8,Q3
619,392.5833333333333,26,S4,Q3
620,392.5833333333333,26,Q3,S4
621,392.6333333333333,26,Q2,S5
622,392.6333333333333,26,Q2,S4
623,393.0833333333333,26,Q4,S12
624,393.0833333333333,26,Q4,S12
625,393.5,26,Q2,S2
626,393.5,26,Q2,S11
627,393.8666666666667,26,S11,Q3
628,394.0833333333333,26,Q2,S2
629,394.0833333333333,26,Q2,S11
630,394.21666666666664,26,S4,Q3
631,394.78333333333336,26,S4,Q3
632,395.7,26,S11,Q3
633,395.85,26,S8,Q3
634,396.35,26,Q4,S3
635,396.35,26,Q2,S4
636,396.35,26,Q4,S2
637,396.35,26,Q2,S11
638,396.3833333333333,26,Q2,S5
639,396.3833333333333,26,Q2,S5
640,396.6,26,Q3,S7
641,396.6,26,Q3,S8
642,397.43333333333334,26,S11,Q4
643,398.48333333333335,26,Q2,S2
644,398.48333333333335,26,Q2,S2
645,399.06666666666666,26,S11,Q4
646,399.1666666666667,26,S4,Q3
647,399.71666666666664,26,S11,Q3
648,400.01666666666665,26,Q3,S8
649,400.1333333333333,26,Q2,S5
650,400.1333333333333,26,Q2,S1
651,400.31666666666666,26,Q4,S1
652,400.31666666666666,26,Q4,S2
653,401.93333333333334,26,Q3,S7
654,401.96666666666664,26,Q2,S7
655,401.96666666666664,26,Q2,S7
656,402.4166666666667,26,Q2,S1
657,402.4166666666667,26,Q2,S5
658,404.0,26,S11,Q4
659,404.05,26,Q4,S11
660,404.05,26,Q4,S11
661,404.15,26,Q4,S10
662,404.15,26,Q4,S7
663,404.23333333333335,26,Q2,S4
664,404.25,26,S4,Q3
665,404.9,26,Q3,S3
666,405.1,27,S8,Q3
667,405.25,27,S4,Q3
668,405.51666666666665,27,Q2,S4
669,405.8,27,Q2,S12
670,405.8,27,Q2,S12
671,406.1333333333333,27,Q2,S4
672,406.5833333333333,27,Q3,S11
673,406.93333333333334,27,Q4,S4
674,406.93333333333334,27,Q4,S2
675,407.5833333333333,27,S8,Q4
676,408.03333333333336,27,Q2,S2
677,408.03333333333336,27,Q2,S10
678,408.3333333333333,27,Q2,S1
679,408.6666666666667,27,Q2,S4
680,408.75,27,Q3,S8
681,409.01666666666665,27,Q2,S4
682,410.3666666666667,27,S11,Q3
683,410.5833333333333,27,S7,Q3
684,411.15,27,S8,Q3
685,411.21666666666664,27,Q2,S4
686,412.31666666666666,27,Q3,S7
687,412.3666666666667,27,Q4,S8
688,412.3666666666667,27,Q4,S4
689,412.78333333333336,27,Q2,S4
690,413.23333333333335,27,S10,Q3
691,414.0833333333333,27,Q2,S8
692,414.7,27,S8,Q3
693,414.9166666666667,27,Q2,S4
694,415.71666666666664,27,Q4,S10
695,415.71666666666664,27,Q4,S2
696,416.81666666666666,27,Q3,S5
697,417.53333333333336,27,S11,Q3
698,417.9166666666667,27,Q2,S4
699,418.6333333333333,27,Q2,S2
700,418.6333333333333,27,Q2,S4
701,419.53333333333336,27,Q2,S4
702,420.4,28,Q2,S4
703,420.75,28,Q3,S1
704,421.28333333333336,28,Q2,S10
705,421.28333333333336,28,Q2,S2
706,421.73333333333335,28,Q2,S2
707,422.05,28,Q4,S2
708,422.05,28,Q4,S4
709,422.45,28,Q3,S4
710,422.8833333333333,28,S4,Q3
711,423.05,28,Q2,S7
712,423.05,28,Q2,S12
713,423.8333333333333,28,Q3,S8
714,424.53333333333336,28,S7,Q3
715,424.96666666666664,28,Q2,S4
716,424.96666666666664,28,Q2,S4
717,425.6666666666667,28,Q2,S2
718,425.76666666666665,28,Q4,S10
719,425.76666666666665,28,Q4,S10
720,427.05,28,Q4,S7
721,427.05,28,Q4,S7
722,427.0833333333333,28,Q2,S2
723,427.6666666666667,28,Q2,S2
724,427.75,28,Q3,S11
725,428.05,28,Q2,S2
726,428.05,28,Q2,S2
727,429.68333333333334,28,Q2,S2
728,430.01666666666665,28,S10,Q3
729,430.18333333333334,28,Q4,S10
730,430.18333333333334,28,Q4,S11
731,430.6666666666667,28,Q2,S3
732,430.6666666666667,28,Q2,S2
733,431.25,28,S11,Q4
734,431.45,28,Q2,S2
735,432.18333333333334,28,Q2,S3
736,433.01666666666665,28,Q2,S3
737,433.3333333333333,28,Q2,S2
738,434.1666666666667,28,Q2,S5
739,434.2,28,S8,Q4
740,434.6333333333333,28,Q2,S2
741,434.93333333333334,28,S7,Q3
742,435.9166666666667,29,S8,Q4
743,435.96666666666664,29,Q4,S1
744,436.9166666666667,29,Q2,S4
745,437.3666666666667,29,Q2,S7
746,437.43333333333334,29,Q2,S2
747,437.9166666666667,29,Q2,S2
748,438.56666666666666,29,Q4,S7
749,438.56666666666666,29,Q4,S4
750,438.6333333333333,29,S11,Q4
751,440.06666666666666,29,Q2,S4
752,440.48333333333335,29,S11,Q4
753,440.56666666666666,29,Q2,S2
754,441.73333333333335,29,Q3,S7
755,441.76666666666665,29,Q3,S4
756,442.43333333333334,29,Q2,S2
757,443.0,29,Q2,S4
758,443.0,29,Q2,S7
759,443.73333333333335,29,S4,Q3
760,444.81666666666666,29,Q3,S1
761,445.3,29,Q3,S8
762,445.75,29,Q3,S5
763,446.96666666666664,29,Q3,S8
764,447.35,29,Q3,S7
765,447.68333333333334,29,S4,Q3
766,447.76666666666665,29,Q3,S1
767,448.46666666666664,29,Q3,S8
768,449.25,29,S7,Q3
769,449.73333333333335,29,Q4,S11
770,449.73333333333335,29,Q2,S11
771,449.73333333333335,29,Q2,S8
772,449.73333333333335,29,Q4,S12
773,450.8666666666667,30,Q3,S4
774,451.3666666666667,30,Q3,S7
775,452.51666666666665,30,Q4,S10
776,452.51666666666665,30,Q4,S11
777,452.73333333333335,30,Q2,S1
778,452.73333333333335,30,Q2,S9
779,454.55,30,Q2,S2
780,456.98333333333335,30,Q2,S1
781,456.98333333333335,30,Q2,S2
782,457.26666666666665,30,Q4,S11
783,457.26666666666665,30,Q4,S11
784,457.43333333333334,30,Q3,S2
785,458.96666666666664,30,Q3,S4
786,459.71666666666664,30,Q2,S2
787,459.8333333333333,30,Q3,S1
788,460.8833333333333,30,Q4,S1
789,462.26666666666665,30,Q3,S1
790,462.6166666666667,30,Q3,S3
791,462.8333333333333,30,Q3,S4
792,462.8333333333333,30,Q3,S10
793,464.28333333333336,30,Q2,S2
794,465.0,31,Q2,S11
795,465.0,31,Q2,S10
796,465.2,31,Q3,S3
797,468.5,31,S7,Q3
798,470.31666666666666,31,Q3,S2
799,471.31666666666666,31,Q3,S12
800,472.21666666666664,31,Q3,S2
801,472.93333333333334,31,S4,Q3
802,473.81666666666666,31,Q3,S8
803,474.68333333333334,31,Q3,S8
804,476.26666666666665,31,S7,Q3
805,478.43333333333334,31,S11,Q4
806,479.8666666666667,31,S7,Q3
807,482.75,32,S11,Q4
808,484.3833333333333,32,S10,Q3
809,488.03333333333336,32,S8,Q4
810,489.43333333333334,32,S4,Q3
811,490.5,32,S11,Q4
812,490.51666666666665,32,S10,Q3
813,492.0,32,Q3,S9
814,492.3,32,Q4,S7
815,492.73333333333335,32,Q2,S11
816,492.73333333333335,32,Q2,S7
817,492.8333333333333,32,Q3,S3
818,493.1,32,Q3,S4
819,493.23333333333335,32,Q3,S7
820,493.28333333333336,32,S10,Q3
821,493.6,32,Q2,S2
822,494.2,32,Q2,S2
823,494.3,32,S7,Q3
824,496.06666666666666,33,S7,Q3
825,496.3666666666667,33,Q4,S2
826,496.48333333333335,33,Q2,S2
827,496.48333333333335,33,Q2,S4
828,496.71666666666664,33,Q2,S10
829,496.71666666666664,33,Q2,S2
830,496.9166666666667,33,S7,Q3
831,497.31666666666666,33,S10,Q3
832,497.3833333333333,33,Q3,S8
833,497.65,33,Q3,S1
834,497.7,33,Q3,S5
835,500.4,33,S7,Q3
836,501.1333333333333,33,Q3,S3
837,501.3,33,Q3,S5
838,501.3,33,Q3,S11
839,501.3833333333333,33,S8,Q4
840,502.3666666666667,33,Q3,S1
841,502.3833333333333,33,S7,Q3
842,503.4166666666667,33,Q3,S4
843,503.4166666666667,33,Q3,S11
844,504.23333333333335,33,Q3,S8
845,504.35,33,S8,Q4
846,505.01666666666665,33,Q4,S4
847,505.35,33,Q3,S2
848,505.6,33,S10,Q3
849,506.05,33,Q2,S2
850,506.18333333333334,33,Q3,S2
851,506.18333333333334,33,Q3,S10
852,506.81666666666666,33,Q2,S2
853,506.81666666666666,33,Q2,S7
854,506.81666666666666,33,Q2,S11
855,507.53333333333336,33,Q3,S4
856,507.53333333333336,33,Q3,S7
857,507.6666666666667,33,Q4,S4
858,507.8666666666667,33,Q2,S2
859,507.95,33,Q3,S2
860,508.46666666666664,33,Q3,S10
861,508.8833333333333,33,Q2,S11
862,508.8833333333333,33,Q2,S2
863,509.7,33,Q2,S2
864,509.71666666666664,33,Q3,S9
865,510.03333333333336,34,S10,Q3
866,510.3833333333333,34,Q3,S8
867,510.55,34,S8,Q4
868,510.6666666666667,34,Q2,S2
869,510.6666666666667,34,Q2,S9
870,510.75,34,Q3,S11
871,510.75,34,Q3,S9
872,511.3,34,Q3,S2
873,511.3,34,Q3,S11
874,511.3833333333333,34,Q3,S9
875,511.48333333333335,34,Q4,S1
876,512.0666666666667,34,Q3,S8
877,512.8166666666667,34,S4,Q3
878,514.2,34,Q2,S8
879,515.8333333333334,34,S10,Q3
880,516.0166666666667,34,Q4,S11
881,516.2333333333333,34,Q3,S3
882,518.75,34,Q3,S2
883,519.1166666666667,34,Q2,S3
884,519.4,34,S7,Q3
885,519.45,34,Q2,S2
886,519.7666666666667,34,Q4,S4
887,520.0333333333333,34,Q3,S7
888,520.4166666666666,34,Q3,S1
889,520.4166666666666,34,Q3,S1
890,520.8833333333333,34,Q3,S4
891,520.8833333333333,34,Q3,S11
892,520.9333333333333,34,S7,Q3
893,521.7333333333333,34,S8,Q4
894,521.9,34,Q3,S4
895,522.35,34,Q3,S2
896,522.7333333333333,34,Q4,S4
897,522.7333333333333,34,Q4,S11
898,523.8666666666667,34,Q2,S10
899,523.8666666666667,34,Q2,S2
900,524.8833333333333,34,S7,Q3
901,525.15,35,Q3,S11
902,525.15,35,Q3,S10
903,525.2166666666667,35,Q2,S2
904,525.95,35,S8,Q4
905,526.0,35,Q4,S4
906,526.0,35,Q4,S4
907,526.2,35,Q2,S11
908,526.2,35,Q2,S4
909,526.5333333333333,35,Q3,S2
910,527.1166666666667,35,Q3,S8
911,527.5666666666667,35,Q2,S8
912,527.5666666666667,35,Q2,S11
913,527.9666666666667,35,Q3,S2
914,527.9666666666667,35,Q3,S2
915,528.0333333333333,35,S7,Q4
916,528.3833333333333,35,S8,Q4
917,528.7,35,Q3,S4
918,529.1,35,S4,Q3
919,529.65,35,Q4,S7
920,529.65,35,Q4,S8
921,530.0333333333333,35,S7,Q4
922,530.8333333333334,35,S4,Q3
923,531.1666666666666,35,Q2,S2
924,531.5666666666667,35,Q3,S2
925,531.95,35,S7,Q4
926,533.2333333333333,35,Q3,S2
927,534.1833333333333,35,S7,Q3
928,534.3333333333334,35,S4,Q3
929,535.0333333333333,35,Q2,S10
930,535.6,35,Q2,S2
931,535.7833333333333,35,Q4,S11
932,535.7833333333333,35,Q4,S10
933,536.1333333333333,35,Q3,S2
934,536.15,35,Q3,S4
935,536.2166666666667,35,S7,Q3
936,536.9166666666666,35,S7,Q3
937,538.2,35,Q2,S2
938,538.5,35,Q4,S2
939,538.5,35,Q4,S12
940,538.5333333333333,35,S4,Q3
941,539.0666666666667,35,S7,Q3
942,539.8833333333333,35,Q3,S1
943,540.2166666666667,36,Q3,S10
944,541.9333333333333,36,S7,Q4
945,542.0333333333333,36,Q2,S2
946,542.1,36,Q2,S2
947,542.1,36,Q2,S2
948,542.45,36,Q3,S2
949,542.45,36,Q3,S10
950,542.8,36,Q4,S11
951,542.8,36,Q4,S11
952,543.5833333333334,36,Q3,S7
953,543.5833333333334,36,Q3,S2
954,543.8,36,S7,Q3
955,544.1833333333333,36,Q2,S2
956,544.55,36,Q3,S10
957,544.8166666666667,36,S4,Q3
958,545.2666666666667,36,Q4,S11
959,545.2666666666667,36,Q4,S11
960,545.2666666666667,36,Q2,S11
961,545.2666666666667,36,Q2,S2
962,545.5333333333333,36,S10,Q3
963,548.3333333333334,36,Q3,S2
964,548.3333333333334,36,Q3,S11
965,548.8333333333334,36,Q2,S10
966,548.8333333333334,36,Q2,S10
967,549.05,36,Q4,S11
968,549.05,36,Q4,S11
969,549.25,36,Q3,S3
970,549.3666666666667,36,Q3,S8
971,550.4333333333333,36,Q2,S2
972,550.65,36,Q3,S7
973,550.65,36,Q3,S2
974,552.8166666666667,36,S7,Q3
975,552.8333333333334,36,Q2,S11
976,552.8333333333334,36,Q2,S11
977,553.0166666666667,36,Q3,S8
978,553.2833333333333,36,Q3,S8
979,554.9333333333333,36,S4,Q4
980,554.95,36,Q3,S8
981,555.8166666666667,37,Q2,S1
982,555.9,37,Q3,S1
983,557.3,37,Q2,S10
984,557.3,37,Q2,S7
985,557.4,37,S7,Q3
986,558.0166666666667,37,Q3,S10
987,558.0166666666667,37,Q3,S2
988,558.4,37,Q2,S2
989,558.4,37,Q2,S2
990,558.5,37,Q3,S5
991,559.05,37,S7,Q3
992,559.2666666666667,37,Q3,S2
993,559.6333333333333,37,Q3,S7
994,559.6333333333333,37,Q3,S7
995,559.75,37,S10,Q3
996,559.9833333333333,37,Q2,S10
997,559.9833333333333,37,Q2,S7
998,560.1166666666667,37,Q2,S1
999,561.55,37,Q3,S8
1000,561.7,37,Q3,S4
1001,561.9833333333333,37,Q3,S10
1002,561.9833333333333,37,Q3,S4
1003,563.8166666666667,37,S7,Q4
1004,565.3,37,S10,Q3
1005,566.1666666666666,37,Q3,S3
1006,567.6333333333333,37,S10,Q3
1007,567.8833333333333,37,S7,Q4
1008,568.1166666666667,37,S4,Q3
1009,569.6,37,Q3,S7
1010,569.6,37,Q3,S4
1011,571.95,38,Q3,S4
1012,571.95,38,Q3,S7
1013,572.2,38,S4,Q3
1014,572.5,38,Q3,S10
1015,572.5,38,Q3,S10
1016,574.05,38,Q3,S7
1017,574.05,38,Q3,S8
1018,575.3166666666667,38,S7,Q3
1019,577.6666666666666,38,S7,Q3
1020,577.7333333333333,38,Q3,S7
1021,577.7333333333333,38,Q3,S2
1022,578.1,38,Q3,S4
1023,578.1,38,Q3,S4
1024,580.35,38,Q3,S11
1025,580.35,38,Q3,S1
1026,581.9666666666667,38,S4,Q3
1027,581.9833333333333,38,Q3,S9
1028,581.9833333333333,38,Q3,S4
1029,582.0833333333334,38,Q3,S8
1030,582.0833333333334,38,Q3,S8
1031,582.9166666666666,38,S7,Q3
1032,584.6333333333333,38,Q3,S10
1033,584.6333333333333,38,Q3,S10
1034,586.2166666666667,39,Q3,S7
1035,586.2166666666667,39,Q3,S2
1036,590.2166666666667,39,Q3,S11
1037,590.2166666666667,39,Q3,S11
1038,591.0666666666667,39,Q3,S8
1039,591.0666666666667,39,Q3,S11
1040,593.4166666666666,39,Q3,S7
1041,593.4166666666666,39,Q3,S8
1042,594.1833333333333,39,Q3,S10
1043,594.1833333333333,39,Q3,S11
1044,594.9166666666666,39,Q2,S1
1045,594.95,39,Q3,S1
1046,596.8833333333333,39,Q3,S5
1047,596.8833333333333,39,Q3,S8
1048,596.9166666666666,39,Q3,S11
1049,596.9166666666666,39,Q3,S10
1050,596.9333333333333,39,Q3,S8
1051,597.1,39,Q2,S11
1052,597.1,39,Q2,S10
1053,597.75,39,Q4,S8
1054,597.75,39,Q4,S2
1055,597.8333333333334,39,Q3,S1
1056,599.0666666666667,39,Q2,S1
1057,599.5833333333334,39,Q3,S11
1058,599.5833333333334,39,Q3,S7
1059,599.7333333333333,39,Q2,S10
1060,599.85,39,Q3,S2
1061,599.8833333333333,39,Q2,S7
1062,599.8833333333333,39,Q2,S2
1063,600.4166666666666,40,Q2,S8
1064,602.15,40,Q3,S7
1065,602.15,40,Q3,S7
1066,602.2166666666667,40,Q2,S1
1067,602.2666666666667,40,Q4,S4
1068,602.2666666666667,40,Q4,S4
1069,602.3166666666667,40,Q3,S4
1070,602.6833333333333,40,Q2,S1
1071,602.85,40,Q3,S2
1072,603.0166666666667,40,S10,Q3
1073,603.5166666666667,40,Q3,S2
1074,603.5166666666667,40,Q3,S10
1075,603.5333333333333,40,Q2,S11
1076,603.6333333333333,40,Q3,S11
1077,603.6333333333333,40,Q3,S11
1078,603.8833333333333,40,Q2,S2
1079,604.6333333333333,40,Q4,S10
1080,604.6333333333333,40,Q4,S11
1081,604.7,40,Q3,S8
1082,604.9166666666666,40,Q3,S4
1083,604.9166666666666,40,Q3,S1
1084,606.1166666666667,40,Q2,S1
1085,606.4333333333333,40,Q3,S2
1086,606.45,40,Q3,S7
1087,606.45,40,Q3,S4
1088,607.2,40,S10,Q3
1089,608.1333333333333,40,Q3,S12
1090,608.1333333333333,40,Q3,S10
1091,609.5666666666667,40,Q3,S8
1092,609.85,40,Q3,S1
1093,609.85,40,Q3,S10
1094,610.2333333333333,40,Q3,S1
1095,610.25,40,Q3,S3
1096,610.9166666666666,40,Q2,S10
1097,610.9166666666666,40,Q2,S2
1098,611.1666666666666,40,Q3,S5
1099,611.6666666666666,40,Q3,S11
1100,611.6666666666666,40,Q3,S11
1101,612.2833333333333,40,Q3,S10
1102,612.2833333333333,40,Q3,S12
1103,613.1166666666667,40,Q3,S4
1104,613.6166666666667,40,Q3,S12
1105,613.6166666666667,40,Q3,S12
1106,614.1333333333333,40,S7,Q3
1107,614.4,40,Q3,S2
1108,614.9,40,Q3,S8
1109,615.3333333333334,41,Q3,S8
1110,615.3333333333334,41,Q3,S1
1111,616.4333333333333,41,Q2,S12
1112,616.4333333333333,41,Q2,S4
1113,616.55,41,S7,Q3
1114,617.1666666666666,41,Q3,S2
1115,617.3333333333334,41,Q3,S10
1116,617.3333333333334,41,Q3,S1
1117,617.6166666666667,41,Q3,S2
1118,620.4333333333333,41,Q2,S2
1119,620.75,41,Q2,S1
1120,620.75,41,Q2,S7
1121,621.7,41,Q3,S4
1122,621.7,41,Q3,S4
1123,622.35,41,Q2,S2
1124,622.55,41,S4,Q3
1125,622.65,41,Q4,S4
1126,622.65,41,Q4,S8
1127,622.6833333333333,41,Q3,S8
1128,623.5666666666667,41,Q3,S5
1129,624.6,41,Q2,S1
1130,624.6,41,Q2,S1
1131,624.7,41,Q3,S4
1132,625.1,41,Q3,S2
1133,625.4333333333333,41,Q4,S10
1134,625.4333333333333,41,Q4,S10
1135,625.5166666666667,41,Q3,S8
1136,625.5166666666667,41,Q2,S11
1137,625.5166666666667,41,Q2,S11
1138,625.55,41,Q2,S2
1139,626.4166666666666,41,Q2,S2
1140,627.5833333333334,41,Q4,S7
1141,627.5833333333334,41,Q4,S7
1142,627.9166666666666,41,Q3,S1
1143,628.8666666666667,41,Q3,S11
1144,628.8666666666667,41,Q3,S10
1145,629.1833333333333,41,Q2,S8
1146,629.1833333333333,41,Q2,S1
1147,629.4666666666667,41,Q3,S2
1148,629.65,41,Q2,S2
1149,630.7166666666667,42,Q3,S12
1150,630.7166666666667,42,Q3,S7
1151,631.5166666666667,42,S7,Q3
1152,631.8333333333334,42,Q2,S11
1153,631.8333333333334,42,Q2,S11
1154,632.0333333333333,42,Q3,S2
1155,632.4166666666666,42,Q3,S1
1156,632.4166666666666,42,Q3,S1
1157,632.5666666666667,42,Q2,S1
1158,632.9833333333333,42,Q3,S1
1159,633.35,42,Q3,S1
1160,633.35,42,Q3,S11
1161,634.05,42,Q4,S4
1162,634.05,42,Q4,S1
1163,635.1166666666667,42,Q2,S2
1164,635.1166666666667,42,Q2,S10
1165,636.0,42,S4,Q3
1166,636.1666666666666,42,Q3,S11
1167,636.1666666666666,42,Q3,S11
1168,637.0,42,S4,Q3
1169,637.65,42,Q3,S1
1170,637.65,42,Q3,S1
1171,639.0166666666667,42,Q3,S1
1172,639.4,42,Q2,S10
1173,639.4,42,Q2,S11
1174,639.8333333333334,42,Q3,S9
1175,639.8333333333334,42,Q3,S10
1176,640.6166666666667,42,S4,Q3
1177,641.7333333333333,42,Q3,S10
1178,641.7333333333333,42,Q3,S8
1179,641.9833333333333,42,Q2,S1
1180,641.9833333333333,42,Q2,S1
1181,643.5166666666667,42,Q2,S1
1182,643.5166666666667,42,Q4,S8
1183,643.5166666666667,42,Q4,S1
1184,644.3833333333333,42,S4,Q3
1185,644.4,42,Q3,S7
1186,644.6833333333333,42,S11,Q2
1187,645.1333333333333,43,Q3,S10
1188,645.6833333333333,43,Q3,S7
1189,645.6833333333333,43,Q3,S7
1190,645.8833333333333,43,Q2,S7
1191,645.8833333333333,43,Q2,S8
1192,646.3333333333334,43,S11,Q2
1193,647.3,43,S4,Q3
1194,647.7166666666667,43,Q3,S8
1195,647.7166666666667,43,Q3,S8
1196,649.2166666666667,43,S4,Q3
1197,649.4833333333333,43,S11,Q2
1198,649.5,43,Q3,S8
1199,650.3333333333334,43,S4,Q3
1200,651.2,43,Q3,S11
1201,651.2,43,Q3,S11
1202,651.4666666666667,43,Q4,S1
1203,651.4666666666667,43,Q4,S1
1204,651.5333333333333,43,S11,Q2
1205,652.1333333333333,43,Q3,S8
1206,652.3666666666667,43,S10,Q3
1207,653.2333333333333,43,Q2,S1
1208,653.2333333333333,43,Q2,S10
1209,654.95,43,Q3,S7
1210,654.95,43,Q3,S7
1211,655.85,43,Q3,S2
1212,655.85,43,Q3,S11
1213,656.2666666666667,43,Q3,S12
1214,656.2666666666667,43,Q3,S7
1215,656.8833333333333,43,S4,Q4
1216,657.8,43,Q2,S1
1217,657.8166666666667,43,S7,Q3
1218,659.3833333333333,43,Q3,S4
1219,659.3833333333333,43,Q3,S4
1220,660.0666666666667,44,Q3,S7
1221,660.0666666666667,44,Q3,S7
1222,660.15,44,S4,Q4
1223,660.4333333333333,44,Q3,S10
1224,660.4333333333333,44,Q3,S1
1225,661.2333333333333,44,S10,Q3
1226,661.4,44,S4,Q4
1227,662.0833333333334,44,S11,Q2
1228,662.9666666666667,44,Q3,S10
1229,662.9666666666667,44,Q3,S10
1230,664.0833333333334,44,Q2,S9
1231,664.0833333333334,44,Q2,S11
1232,664.1333333333333,44,S10,Q3
1233,665.7,44,S7,Q3
1234,666.6833333333333,44,Q2,S1
1235,667.65,44,S7,Q3
1236,668.2,44,S7,Q2
1237,669.5333333333333,44,Q2,S7
1238,669.5333333333333,44,Q2,S2
1239,670.1,44,Q4,S8
1240,670.1,44,Q4,S11
1241,670.3833333333333,44,Q3,S2
1242,670.3833333333333,44,Q3,S12
1243,671.8,44,Q3,S7
1244,671.8,44,Q3,S7
1245,672.2166666666667,44,S7,Q3
1246,674.1333333333333,44,Q4,S11
1247,674.1333333333333,44,Q4,S11
1248,674.3333333333334,44,S11,Q3
1249,674.7166666666667,44,Q2,S1
1250,675.0166666666667,45,S11,Q2
1251,675.4666666666667,45,Q3,S3
1252,675.4666666666667,45,Q3,S7
1253,675.4833333333333,45,S7,Q2
1254,675.7666666666667,45,S10,Q3
1255,677.5166666666667,45,S7,Q3
1256,677.6333333333333,45,S11,Q2
1257,677.8166666666667,45,Q4,S4
1258,677.8166666666667,45,Q4,S4
1259,677.9333333333333,45,Q3,S11
1260,677.9333333333333,45,Q3,S11
1261,678.5166666666667,45,S10,Q3
1262,679.6,45,Q3,S10
1263,679.6,45,Q3,S10
1264,679.6333333333333,45,Q3,S2
1265,679.6333333333333,45,Q3,S7
1266,679.9833333333333,45,S7,Q2
1267,680.4833333333333,45,S7,Q3
1268,680.9,45,Q3,S10
1269,680.9,45,Q3,S3
1270,681.2333333333333,45,S4,Q4
1271,682.2,45,Q3,S4
1272,682.2,45,Q3,S4
1273,683.1166666666667,45,S5,Q2
1274,683.3166666666667,45,S7,Q3
1275,683.6833333333333,45,S11,Q3
1276,683.8,45,S11,Q3
1277,683.8,45,Q3,S10
1278,683.8,45,Q3,S10
1279,685.3666666666667,45,S7,Q2
1280,685.7,45,Q2,S5
1281,685.8166666666667,45,S11,Q3
1282,685.8666666666667,45,Q4,S12
1283,685.8666666666667,45,Q4,S10
1284,686.0666666666667,45,Q3,S7
1285,686.0666666666667,45,Q3,S7
1286,687.05,45,S11,Q3
1287,687.6,45,S11,Q3
1288,687.85,45,S7,Q2
1289,688.1833333333333,45,S8,Q3
1290,688.4833333333333,45,Q3,S1
1291,688.4833333333333,45,Q3,S10
1292,688.6,45,S5,Q2
1293,688.7333333333333,45,Q4,S8
1294,688.7333333333333,45,Q4,S10
1295,689.45,45,Q3,S11
1296,691.0166666666667,46,S8,Q3
1297,691.65,46,Q3,S8
1298,691.65,46,Q3,S8
1299,691.8333333333334,46,S5,Q2
1300,692.0333333333333,46,Q2,S1
1301,693.15,46,Q3,S8
1302,693.15,46,Q3,S8
1303,693.4,46,Q4,S10
1304,693.4,46,Q4,S10
1305,693.9833333333333,46,Q2,S5
1306,694.0,46,S11,Q3
1307,694.1666666666666,46,S11,Q2
1308,694.4833333333333,46,Q3,S12
1309,694.4833333333333,46,Q3,S10
1310,695.0,46,S10,Q3
1311,696.05,46,S11,Q2
1312,696.0666666666667,46,S10,Q2
1313,696.8333333333334,46,Q2,S5
1314,697.2833333333333,46,S4,Q3
1315,697.3666666666667,46,S4,Q3
1316,697.55,46,Q3,S7
1317,697.55,46,Q3,S7
1318,697.8333333333334,46,S10,Q3
1319,697.9666666666667,46,Q3,S3
1320,697.9666666666667,46,Q3,S3
1321,698.85,46,Q2,S1
1322,698.9,46,S11,Q3
1323,699.2,46,S10,Q2
1324,699.2833333333333,46,S4,Q3
1325,699.7666666666667,46,S11,Q3
1326,700.0,46,Q3,S10
1327,700.0,46,Q3,S3
1328,701.1,46,Q4,S10
1329,701.1,46,Q4,S1
1330,701.3,46,Q3,S7
1331,701.3,46,Q3,S7
1332,702.5833333333334,46,Q4,S1
1333,702.5833333333334,46,Q4,S1
1334,702.6666666666666,46,S1,Q3
1335,704.2666666666667,46,Q3,S10
1336,704.2666666666667,46,Q3,S10
1337,705.0166666666667,47,S4,Q3
1338,705.5,47,S11,Q3
1339,705.5666666666667,47,S4,Q3
1340,706.2333333333333,47,Q4,S11
1341,706.2333333333333,47,Q4,S4
1342,706.45,47,Q3,S7
1343,706.45,47,Q3,S7
1344,707.2666666666667,47,S7,Q3
1345,708.1833333333333,47,Q2,S8
1346,708.2,47,S4,Q3
1347,708.6,47,S8,Q2
1348,708.7166666666667,47,S7,Q3
1349,711.1833333333333,47,S10,Q3
1350,711.1833333333333,47,Q4,S10
1351,711.1833333333333,47,Q4,S10
1352,711.4333333333333,47,S7,Q2
1353,711.6666666666666,47,S7,Q3
1354,712.25,47,S11,Q3
1355,712.7166666666667,47,Q2,S11
1356,712.7833333333333,47,S4,Q3
1357,713.05,47,S7,Q3
1358,713.45,47,Q4,S10
1359,713.45,47,Q4,S10
1360,713.9833333333333,47,S11,Q2
1361,714.7,47,S4,Q3
1362,714.8166666666667,47,S7,Q2
1363,715.2333333333333,47,Q4,S10
1364,715.2333333333333,47,Q4,S10
1365,715.8166666666667,47,Q2,S2
1366,716.0833333333334,47,S4,Q3
1367,716.1666666666666,47,S11,Q2
1368,717.0166666666667,47,S7,Q2
1369,718.05,47,S11,Q2
1370,719.4833333333333,47,S11,Q2
1371,719.5833333333334,47,Q2,S4
1372,719.7,47,Q4,S10
1373,719.7,47,Q4,S8
1374,720.0833333333334,48,S11,Q2
1375,720.9,48,S8,Q2
1376,720.9333333333333,48,S4,Q3
1377,721.4333333333333,48,S10,Q2
1378,721.6666666666666,48,S7,Q3
1379,722.2166666666667,48,S11,Q3
1380,722.3166666666667,48,S11,Q3
1381,722.3333333333334,48,Q4,S4
1382,722.3333333333334,48,Q4,S11
1383,722.9333333333333,48,S7,Q2
1384,723.15,48,S11,Q3
1385,723.1666666666666,48,S4,Q3
1386,723.3833333333333,48,S11,Q2
1387,723.8833333333333,48,S7,Q3
1388,724.15,48,S4,Q3
1389,724.3833333333333,48,S11,Q3
1390,724.5666666666667,48,S10,Q2
1391,724.9833333333333,48,S10,Q3
1392,725.1833333333333,48,S11,Q3
1393,725.2166666666667,48,Q2,S4
1394,725.6,48,Q4,S8
1395,725.6,48,Q4,S8
1396,726.0,48,S7,Q3
1397,726.0333333333333,48,S11,Q3
1398,726.45,48,S11,Q2
1399,728.1833333333333,48,S11,Q3
1400,728.1833333333333,48,Q4,S10
1401,728.1833333333333,48,Q4,S10
1402,728.3833333333333,48,S4,Q3
1403,729.4166666666666,48,S11,Q3
1404,729.4333333333333,48,S11,Q2
1405,729.45,48,Q2,S11
1406,729.45,48,Q2,S11
1407,729.6166666666667,48,S11,Q3
1408,729.9833333333333,48,S10,Q3
1409,730.6,48,Q4,S8
1410,730.6,48,Q4,S8
1411,731.1333333333333,48,S4,Q3
1412,731.4833333333333,48,S11,Q3
1413,731.8333333333334,48,S10,Q3
1414,732.0166666666667,48,S10,Q3
1415,732.4,48,Q4,S4
1416,732.4,48,Q4,S1
1417,732.7666666666667,48,S11,Q2
1418,732.9166666666666,48,S4,Q3
1419,734.2666666666667,48,S11,Q2
1420,734.3,48,Q2,S11
1421,734.3,48,Q2,S11
1422,734.3166666666667,48,S7,Q3
1423,734.3833333333333,48,S11,Q3
1424,734.4,48,S8,Q2
1425,734.95,48,S8,Q2
1426,735.0,49,S4,Q3
1427,735.6166666666667,49,S11,Q2
1428,735.9,49,Q4,S8
1429,735.9,49,Q4,S8
1430,736.7,49,S10,Q3
1431,736.7666666666667,49,S7,Q3
1432,736.9833333333333,49,Q4,S7
1433,736.9833333333333,49,Q4,S11
1434,737.3166666666667,49,S11,Q3
1435,737.4833333333333,49,Q2,S10
1436,737.4833333333333,49,Q2,S10
1437,737.7666666666667,49,S11,Q3
1438,737.8,49,S8,Q2
1439,739.0333333333333,49,S4,Q3
1440,739.15,49,S10,Q3
1441,739.6333333333333,49,S7,Q3
1442,739.9333333333333,49,S10,Q2
1443,740.0166666666667,49,S8,Q2
1444,741.35,49,Q4,S4
1445,741.35,49,Q4,S10
1446,741.5166666666667,49,S11,Q3
1447,741.6833333333333,49,Q2,S8
1448,741.85,49,S4,Q3
1449,742.7333333333333,49,S12,Q3
1450,742.85,49,S7,Q3
1451,742.95,49,S10,Q2
1452,743.5833333333334,49,S8,Q2
1453,743.85,49,Q4,S4
1454,743.85,49,Q4,S10
1455,745.0833333333334,49,S11,Q2
1456,745.1166666666667,49,Q2,S11
1457,745.3166666666667,49,S8,Q2
1458,745.5666666666667,49,S11,Q2
1459,745.8333333333334,49,S11,Q3
1460,746.55,49,S10,Q2
1461,746.5666666666667,49,Q4,S10
1462,746.5666666666667,49,Q4,S10
1463,746.6833333333333,49,S11,Q3
1464,746.8333333333334,49,Q2,S2
1465,747.1333333333333,49,S12,Q3
1466,747.3333333333334,49,S11,Q2
1467,747.5333333333333,49,S7,Q2
1468,748.5166666666667,49,Q2,S8
1469,748.5833333333334,49,S11,Q3
1470,748.5833333333334,49,S11,Q3
1471,748.8166666666667,49,Q4,S4
1472,748.8166666666667,49,Q4,S4
1473,748.85,49,Q2,S4
1474,749.5166666666667,49,S7,Q2
1475,750.0833333333334,50,S8,Q2
1476,750.4333333333333,50,Q4,S2
1477,750.4333333333333,50,Q4,S7
1478,750.5333333333333,50,S11,Q3
1479,751.25,50,S10,Q2
1480,751.7,50,S7,Q3
1481,751.9666666666667,50,S11,Q3
1482,752.1,50,S10,Q2
1483,753.4833333333333,50,S11,Q3
1484,753.8833333333333,50,Q2,S10
1485,753.8833333333333,50,Q2,S1
1486,754.1333333333333,50,Q4,S11
1487,754.1333333333333,50,Q4,S4
1488,754.3333333333334,50,S11,Q3
1489,755.4,50,Q4,S1
1490,755.4,50,Q4,S7
1491,755.7,50,S11,Q3
1492,756.6666666666666,50,S10,Q3
1493,756.7666666666667,50,Q4,S11
1494,756.7666666666667,50,Q4,S11
1495,757.1666666666666,50,S7,Q3
1496,757.55,50,S8,Q2
1497,759.0166666666667,50,S8,Q3
1498,759.0833333333334,50,Q2,S1
1499,759.0833333333334,50,Q2,S1
1500,759.5166666666667,50,S11,Q3
1501,760.0833333333334,50,S4,Q3
1502,760.2166666666667,50,S11,Q3
1503,760.3,50,S7,Q3
1504,760.4666666666667,50,S7,Q2
1505,760.7,50,S8,Q3
1506,761.9833333333333,50,Q2,S1
1507,761.9833333333333,50,Q2,S1
1508,762.0333333333333,50,S11,Q3
1509,762.6,50,S11,Q3
1510,762.8166666666667,50,S7,Q2
1511,763.55,50,S11,Q3
1512,763.65,50,S7,Q3
1513,764.3166666666667,50,S11,Q2
1514,764.8666666666667,50,S4,Q3
1515,766.0166666666667,51,S11,Q2
1516,766.1333333333333,51,S10,Q3
1517,767.7166666666667,51,S10,Q3
1518,767.8,51,S7,Q2
1519,768.4166666666666,51,S10,Q2
1520,768.5166666666667,51,Q2,S8
1521,769.0666666666667,51,S11,Q3
1522,769.4166666666666,51,S11,Q3
1523,769.4833333333333,51,S10,Q2
1524,770.1166666666667,51,S11,Q2
1525,770.4333333333333,51,S7,Q3
1526,770.4833333333333,51,S4,Q3
1527,770.8166666666667,51,Q4,S5
1528,771.25,51,S7,Q2
1529,771.8166666666667,51,S11,Q2
1530,772.05,51,Q2,S8
1531,773.0833333333334,51,Q4,S2
1532,774.0166666666667,51,S4,Q3
1533,774.2333333333333,51,S7,Q3
1534,775.5,51,S10,Q2
1535,775.9833333333333,51,Q2,S11
1536,776.6,51,S11,Q2
1537,778.4166666666666,51,S7,Q2
1538,778.6833333333333,51,S10,Q2
1539,778.7666666666667,51,Q4,S11
1540,778.7666666666667,51,Q4,S2
1541,779.1166666666667,51,S11,Q2
1542,780.2333333333333,52,S7,Q2
1543,780.7666666666667,52,Q4,S11
1544,780.7666666666667,52,Q4,S1
1545,780.8333333333334,52,S4,Q3
1546,781.9833333333333,52,Q4,S8
1547,782.3,52,S8,Q2
1548,782.7166666666667,52,S7,Q2
1549,783.4,52,Q2,S4
1550,784.8333333333334,52,S11,Q3
1551,785.0166666666667,52,Q4,S2
1552,785.5833333333334,52,S7,Q2
1553,786.3666666666667,52,Q4,S3
1554,786.5333333333333,52,S7,Q2
1555,786.8666666666667,52,S11,Q3
1556,787.35,52,Q4,S3
1557,788.3166666666667,52,S11,Q3
1558,788.7833333333333,52,Q4,S3
1559,788.9166666666666,52,Q4,S8
1560,788.9833333333333,52,S11,Q2
1561,789.1666666666666,52,Q2,S11
1562,790.25,52,Q4,S8
1563,791.3666666666667,52,Q4,S4
1564,792.05,52,S11,Q3
1565,792.4333333333333,52,S10,Q2
1566,792.9666666666667,52,S7,Q2
1567,792.9833333333333,52,S11,Q2
1568,793.1166666666667,52,Q4,S3
1569,793.3,52,Q3,S1
1570,793.7333333333333,52,S10,Q2
1571,794.2333333333333,52,S11,Q3
1572,794.95,52,S11,Q2
1573,795.1166666666667,53,S11,Q3
1574,795.1833333333333,53,Q4,S4
1575,795.3666666666667,53,Q3,S4
1576,795.7,53,Q3,S8
1577,795.7666666666667,53,S7,Q2
1578,796.1833333333333,53,S7,Q2
1579,796.4166666666666,53,Q3,S5
1580,796.5,53,Q4,S8
1581,797.3333333333334,53,Q3,S8
1582,797.9,53,S7,Q2
1583,798.5666666666667,53,S11,Q3
1584,798.8333333333334,53,Q4,S8
1585,798.8333333333334,53,Q3,S4
1586,798.9333333333333,53,S7,Q2
1587,799.0666666666667,53,S11,Q3
1588,799.55,53,Q3,S1
1589,799.8333333333334,53,Q4,S3
1590,799.9833333333333,53,Q4,S5
1591,800.8666666666667,53,Q3,S1
1592,801.5833333333334,53,S7,Q2
1593,801.75,53,Q3,S1
1594,802.45,53,Q3,S5
1595,803.0166666666667,53,S7,Q2
1596,803.1166666666667,53,S11,Q3
1597,803.1333333333333,53,Q2,S5
1598,804.0666666666667,53,Q2,S4
1599,804.1,53,Q3,S8
1600,804.2166666666667,53,S7,Q2
1601,804.6166666666667,53,Q3,S4
1602,804.75,53,S7,Q2
1603,805.2333333333333,53,S5,Q2
1604,805.3166666666667,53,Q3,S4
1605,805.6,53,Q3,S4
1606,806.0166666666667,53,Q4,S4
1607,806.35,53,S5,Q2
1608,806.5666666666667,53,Q3,S1
1609,806.6833333333333,53,Q3,S1
1610,807.3666666666667,53,S11,Q3
1611,808.0666666666667,53,S7,Q2
1612,808.4833333333333,53,Q3,S1
1613,810.3,54,Q3,S5
1614,810.6333333333333,54,S11,Q3
1615,810.6833333333333,54,Q3,S1
1616,810.9,54,S11,Q3
1617,811.7833333333333,54,S7,Q2
1618,812.75,54,Q4,S2
1619,812.75,54,Q4,S2
1620,813.3333333333334,54,Q3,S4
1621,814.1333333333333,54,Q3,S10
1622,814.4666666666667,54,S7,Q2
1623,814.4833333333333,54,Q3,S2
1624,815.4333333333333,54,S11,Q3
1625,815.6166666666667,54,Q3,S1
1626,815.6333333333333,54,Q4,S5
1627,815.6333333333333,54,Q4,S5
1628,816.0333333333333,54,S11,Q3
1629,816.4833333333333,54,S10,Q2
1630,817.45,54,Q2,S1
1631,817.6833333333333,54,Q4,S8
1632,818.1,54,Q3,S2
1633,818.3,54,S7,Q2
1634,819.0333333333333,54,S11,Q3
1635,819.1166666666667,54,Q3,S8
1636,819.4166666666666,54,S7,Q2
1637,819.65,54,Q3,S2
1638,821.6333333333333,54,Q3,S3
1639,822.6166666666667,54,Q3,S2
1640,822.6666666666666,54,Q4,S2
1641,823.4833333333333,54,Q3,S7
1642,823.8333333333334,54,Q3,S1
1643,823.95,54,S11,Q3
1644,824.2833333333333,54,S7,Q2
1645,825.9333333333333,55,Q3,S10
1646,826.6166666666667,55,Q4,S3
1647,826.7333333333333,55,Q4,S2
1648,826.8166666666667,55,S4,Q3
1649,826.9333333333333,55,Q3,S1
1650,827.5,55,S7,Q2
1651,827.7333333333333,55,Q3,S5
1652,828.9333333333333,55,Q3,S10
1653,829.3,55,Q3,S5
1654,829.3333333333334,55,Q4,S4
1655,829.6833333333333,55,Q4,S3
1656,830.2333333333333,55,S11,Q2
1657,830.65,55,S7,Q2
1658,830.85,55,Q3,S8
1659,831.2833333333333,55,Q3,S10
1660,831.3166666666667,55,Q3,S7
1661,832.2833333333333,55,Q3,S11
1662,832.3833333333333,55,Q3,S4
1663,833.5666666666667,55,S11,Q3
1664,833.5833333333334,55,Q3,S10
1665,833.8333333333334,55,S11,Q2
1666,833.9166666666666,55,Q3,S4
1667,834.0166666666667,55,S1,Q2
1668,834.5833333333334,55,Q3,S1
1669,834.6,55,Q3,S1
1670,835.4833333333333,55,Q3,S8
1671,836.0,55,Q3,S8
1672,837.55,55,Q3,S8
1673,838.1333333333333,55,Q3,S5
1674,838.2,55,Q3,S1
1675,840.4,56,Q3,S1
1676,841.3166666666667,56,Q3,S2
1677,841.75,56,Q3,S2
1678,842.2166666666667,56,Q3,S1
1679,842.5833333333334,56,Q3,S9
1680,842.6166666666667,56,Q3,S2
1681,843.35,56,Q3,S9
1682,843.5333333333333,56,Q3,S5
1683,843.55,56,Q3,S7
1684,844.3666666666667,56,Q2,S11
1685,844.5666666666667,56,Q3,S3
1686,845.4,56,Q2,S11
1687,845.5,56,Q3,S1
1688,845.5,56,Q3,S1
1689,845.6333333333333,56,Q3,S8
1690,845.75,56,Q2,S11
1691,847.2666666666667,56,Q4,S2
1692,847.3666666666667,56,Q3,S1
1693,847.3666666666667,56,Q3,S4
1694,847.7166666666667,56,Q3,S8
1695,847.7166666666667,56,Q3,S8
1696,848.0166666666667,56,Q3,S10
1697,848.2833333333333,56,Q2,S10
1698,848.8833333333333,56,Q3,S4
1699,848.9166666666666,56,Q4,S2
1700,849.0833333333334,56,Q2,S11
1701,849.1333333333333,56,Q2,S11
1702,849.2166666666667,56,Q3,S2
1703,849.2166666666667,56,Q3,S2
1704,850.5666666666667,56,Q2,S1
1705,851.5166666666667,56,Q2,S2
1706,851.7333333333333,56,Q2,S4
1707,852.15,56,Q3,S1
1708,852.5333333333333,56,Q2,S2
1709,852.9,56,Q3,S5
1710,853.25,56,Q2,S4
1711,853.3666666666667,56,Q2,S11
1712,853.9333333333333,56,Q3,S1
1713,854.0833333333334,56,Q3,S5
1714,854.1,56,Q3,S4
1715,855.2,57,Q4,S10
1716,855.3,57,Q3,S5
1717,855.7666666666667,57,Q4,S10
1718,856.7,57,Q2,S5
1719,856.8166666666667,57,Q3,S1
1720,856.9666666666667,57,Q2,S5
1721,857.7333333333333,57,Q3,S2
1722,859.1,57,Q3,S10
1723,859.7166666666667,57,Q2,S5
1724,859.8,57,Q3,S2
1725,860.1833333333333,57,Q4,S4
1726,861.15,57,Q2,S11
1727,861.25,57,Q3,S8
1728,861.6666666666666,57,Q2,S7
1729,862.2166666666667,57,Q3,S8
1730,862.2166666666667,57,Q3,S8
1731,862.6,57,Q3,S9
1732,862.6,57,Q3,S4
1733,863.2833333333333,57,Q4,S11
1734,863.4166666666666,57,Q3,S7
1735,863.55,57,Q3,S2
1736,864.0666666666667,57,Q3,S2
1737,864.4666666666667,57,Q3,S10
1738,864.4666666666667,57,Q3,S10
1739,865.8166666666667,57,Q2,S1
1740,866.5833333333334,57,Q3,S5
1741,867.3666666666667,57,Q3,S2
1742,867.5333333333333,57,Q3,S3
1743,868.15,57,Q3,S10
1744,868.7,57,Q2,S5
1745,868.8166666666667,57,Q2,S2
1746,869.55,57,Q4,S2
1747,870.2833333333333,58,Q3,S1
1748,870.3166666666667,58,Q2,S2
1749,870.8,58,Q3,S1
1750,871.7166666666667,58,Q3,S2
1751,874.1666666666666,58,Q4,S1
1752,874.6,58,Q3,S2
1753,874.9,58,Q3,S9
1754,875.55,58,Q2,S3
1755,875.55,58,Q2,S10
1756,875.65,58,Q4,S4
1757,875.8666666666667,58,Q3,S3
1758,876.2333333333333,58,Q3,S2
1759,877.1666666666666,58,Q2,S11
1760,877.55,58,Q3,S2
1761,877.8166666666667,58,Q2,S3
1762,879.7166666666667,58,Q2,S10
1763,879.7166666666667,58,Q2,S10
1764,880.55,58,Q3,S7
1765,880.6,58,Q3,S4
1766,880.8666666666667,58,Q3,S2
1767,881.7333333333333,58,Q3,S2
1768,882.2333333333333,58,Q3,S7
1769,882.7166666666667,58,Q4,S2
1770,883.2666666666667,58,Q3,S11
1771,883.2833333333333,58,Q3,S2
1772,884.6,58,Q3,S3
1773,886.3666666666667,59,Q3,S7
1774,886.9333333333333,59,Q3,S3
1775,887.8833333333333,59,Q3,S3
1776,888.8833333333333,59,Q3,S5
1777,889.05,59,Q3,S3
1778,889.6666666666666,59,Q2,S1
1779,889.6666666666666,59,Q2,S9
1780,889.7666666666667,59,Q4,S2
1781,890.4666666666667,59,Q3,S4
1782,890.6166666666667,59,Q3,S2
1783,891.1666666666666,59,Q2,S10
1784,891.1666666666666,59,Q2,S2
1785,891.55,59,Q3,S2
1786,892.3166666666667,59,Q3,S2
1787,892.8,59,Q3,S10
1788,892.8833333333333,59,Q2,S10
1789,892.8833333333333,59,Q2,S10
1790,893.6,59,Q3,S1
1791,894.3833333333333,59,Q3,S8
1792,894.7666666666667,59,Q3,S2
1793,895.2833333333333,59,Q2,S4
1794,895.8166666666667,59,Q3,S5
1795,896.4,59,Q3,S2
1796,896.5833333333334,59,Q4,S2
1797,897.1833333333333,59,Q3,S4
1798,897.2,59,Q3,S9
1799,897.2333333333333,59,Q2,S5
1800,897.2333333333333,59,Q2,S10
1801,898.1,59,Q3,S2
1802,899.3333333333334,59,Q3,S10
1803,899.4,59,Q2,S1
1804,899.6666666666666,59,Q3,S8
1805,899.7166666666667,59,Q3,S4
1806,900.55,60,Q3,S1
1807,901.8166666666667,60,Q3,S10
1808,903.1,60,Q2,S5
1809,903.65,60,Q3,S8
1810,904.6666666666666,60,Q4,S7
1811,904.7333333333333,60,Q3,S1
1812,905.7833333333333,60,Q3,S2
1813,905.9166666666666,60,Q2,S4
1814,906.2666666666667,60,Q3,S2
1815,906.7,60,Q3,S4
1816,906.7,60,Q3,S10
1817,906.9666666666667,60,Q2,S1
1818,908.9833333333333,60,Q3,S2
1819,908.9833333333333,60,Q3,S4
1820,909.0833333333334,60,Q4,S2
1821,910.8333333333334,60,Q3,S2
1822,911.5166666666667,60,Q3,S2
1823,911.7833333333333,60,Q2,S8
1824,912.45,60,Q3,S11
1825,912.45,60,Q3,S3
1826,912.45,60,Q3,S8
1827,912.5333333333333,60,Q2,S11
1828,913.4,60,Q3,S7
1829,914.0833333333334,60,Q4,S2
1830,914.1166666666667,60,Q3,S1
1831,914.3333333333334,60,Q3,S7
1832,914.5,60,Q2,S1
1833,914.5,60,Q3,S2
1834,914.8,60,Q3,S3
1835,915.5333333333333,61,Q3,S2
1836,916.3,61,Q2,S11
1837,916.3,61,Q2,S11
1838,916.7666666666667,61,Q3,S2
1839,916.8333333333334,61,Q4,S10
1840,918.3333333333334,61,Q3,S1
1841,918.3333333333334,61,Q3,S7
1842,918.4333333333333,61,Q2,S2
1843,918.7333333333333,61,Q3,S9
1844,918.7833333333333,61,Q3,S2
1845,918.8166666666667,61,Q4,S1
1846,920.4666666666667,61,Q3,S1
1847,920.4666666666667,61,Q3,S11
1848,920.6,61,Q2,S10
1849,920.6,61,Q2,S10
1850,920.9333333333333,61,Q3,S1
1851,921.4333333333333,61,Q3,S11
1852,921.4333333333333,61,Q3,S12
1853,922.2333333333333,61,Q3,S7
1854,922.3666666666667,61,Q3,S9
1855,923.1666666666666,61,Q2,S5
1856,923.65,61,Q3,S1
1857,924.8166666666667,61,Q3,S11
1858,924.8166666666667,61,Q3,S4
1859,925.25,61,Q3,S10
1860,927.1166666666667,61,Q3,S1
1861,927.1166666666667,61,Q3,S11
1862,928.0166666666667,61,Q4,S7
1863,928.75,61,Q3,S10
1864,929.2666666666667,61,Q3,S7
1865,929.2666666666667,61,Q3,S7
1866,929.2666666666667,61,Q2,S11
1867,929.3833333333333,61,Q3,S4
1868,929.5,61,Q3,S10
1869,929.6333333333333,61,Q2,S12
1870,929.6333333333333,61,Q2,S11
1871,931.05,62,Q3,S1
1872,931.4666666666667,62,Q4,S5
1873,932.4,62,Q3,S4
1874,932.5333333333333,62,Q3,S4
1875,932.5333333333333,62,Q3,S4
1876,932.6166666666667,62,Q2,S2
1877,932.6166666666667,62,Q2,S2
1878,933.2833333333333,62,Q3,S10
1879,933.3333333333334,62,Q3,S9
1880,933.3666666666667,62,Q2,S8
1881,934.85,62,Q3,S1
1882,935.1,62,Q3,S11
1883,935.1,62,Q3,S11
1884,935.6333333333333,62,Q3,S11
1885,935.9666666666667,62,Q3,S11
1886,935.9666666666667,62,Q3,S11
1887,936.25,62,Q4,S2
1888,937.2333333333333,62,Q2,S11
1889,937.2333333333333,62,Q2,S12
1890,937.25,62,Q4,S2
1891,937.5166666666667,62,Q3,S11
1892,937.6666666666666,62,Q3,S1
1893,937.6666666666666,62,Q3,S1
1894,938.25,62,Q3,S4
1895,939.2,62,Q3,S8
1896,939.3666666666667,62,Q3,S10
1897,939.65,62,Q3,S2
1898,939.7666666666667,62,Q2,S1
1899,939.7666666666667,62,Q2,S1
1900,941.0666666666667,62,Q3,S1
1901,941.0666666666667,62,Q3,S11
1902,941.3,62,Q3,S1
1903,941.6833333333333,62,Q3,S4
1904,941.95,62,Q2,S1
1905,942.85,62,Q4,S2
1906,942.9166666666666,62,Q2,S10
1907,942.9166666666666,62,Q2,S10
1908,943.4,62,Q3,S3
1909,944.1333333333333,62,Q3,S10
1910,944.1333333333333,62,Q3,S10
1911,944.3333333333334,62,Q3,S4
1912,945.1833333333333,63,Q3,S10
1913,945.4666666666667,63,Q3,S1
1914,945.4666666666667,63,Q3,S8
1915,946.1,63,Q2,S11
1916,947.1166666666667,63,Q3,S3
1917,947.65,63,Q3,S10
1918,947.65,63,Q3,S10
1919,948.5,63,Q3,S2
1920,948.95,63,Q3,S2
1921,949.1666666666666,63,Q2,S11
1922,949.5333333333333,63,Q3,S3
1923,949.5833333333334,63,Q2,S7
1924,949.5833333333334,63,Q2,S7
1925,950.0166666666667,63,Q4,S7
1926,950.25,63,Q3,S10
1927,950.7666666666667,63,Q3,S8
1928,950.7666666666667,63,Q3,S8
1929,951.8166666666667,63,Q3,S2
1930,952.75,63,Q3,S4
1931,952.75,63,Q3,S4
1932,953.75,63,Q3,S1
1933,953.8166666666667,63,Q2,S8
1934,953.9333333333333,63,Q3,S2
1935,954.6666666666666,63,Q2,S11
1936,954.6666666666666,63,Q2,S11
1937,954.85,63,Q4,S2
1938,955.6833333333333,63,Q3,S1
1939,955.8166666666667,63,Q2,S2
1940,956.65,63,Q3,S11
1941,957.0,63,Q3,S1
1942,957.0,63,Q3,S1
1943,957.1833333333333,63,Q3,S2
1944,957.3833333333333,63,Q2,S1
1945,957.3833333333333,63,Q2,S7
1946,957.5166666666667,63,Q3,S2
1947,957.5833333333334,63,Q2,S10
1948,958.4,63,Q3,S1
1949,959.3833333333333,63,Q4,S5
1950,959.7833333333333,63,Q3,S11
1951,959.7833333333333,63,Q3,S1
1952,960.2166666666667,64,Q2,S8
1953,960.2833333333333,64,Q3,S2
1954,960.4833333333333,64,Q3,S8
1955,961.3166666666667,64,Q3,S10
1956,961.3166666666667,64,Q3,S10
1957,961.7,64,Q3,S11
1958,961.8166666666667,64,Q2,S11
1959,961.8166666666667,64,Q2,S11
1960,963.7666666666667,64,Q4,S2
1961,965.0,64,Q3,S1
1962,965.1,64,Q3,S10
1963,965.1,64,Q3,S10
1964,965.7166666666667,64,Q3,S4
1965,966.0166666666667,64,Q2,S11
1966,966.3666666666667,64,Q2,S5
1967,966.3666666666667,64,Q2,S5
1968,967.0166666666667,64,Q3,S4
1969,967.2166666666667,64,Q2,S5
1970,967.2166666666667,64,Q2,S5
1971,968.4333333333333,64,Q3,S7
1972,969.35,64,Q3,S8
1973,969.35,64,Q3,S8
1974,969.5666666666667,64,Q4,S4
1975,970.6333333333333,64,Q2,S1
1976,970.65,64,Q3,S1
1977,971.0166666666667,64,Q2,S8
1978,971.6333333333333,64,Q2,S1
1979,971.6333333333333,64,Q2,S1
1980,971.6666666666666,64,Q3,S1
1981,972.0,64,Q3,S12
1982,972.0,64,Q3,S11
1983,972.0166666666667,64,Q3,S1
1984,974.15,64,Q4,S5
1985,974.2833333333333,64,Q3,S11
1986,974.2833333333333,64,Q3,S11
1987,974.7166666666667,64,Q3,S5
1988,974.8,64,Q4,S11
1989,974.8666666666667,64,Q3,S7
1990,975.0833333333334,65,Q3,S2
1991,975.1,65,Q2,S8
1992,975.9333333333333,65,Q3,S10
1993,975.9666666666667,65,Q2,S10
1994,975.9666666666667,65,Q2,S10
1995,976.3833333333333,65,Q3,S5
1996,976.7833333333333,65,Q3,S4
1997,977.0,65,Q2,S1
1998,978.1333333333333,65,Q3,S1
1999,978.3333333333334,65,Q3,S10
2000,978.4166666666666,65,Q3,S4
2001,978.4166666666666,65,Q4,S4
2002,978.9333333333333,65,Q3,S2
2003,979.2833333333333,65,Q3,S10
2004,979.3833333333333,65,Q2,S1
2005,979.3833333333333,65,Q2,S5
2006,981.5666666666667,65,Q3,S10
2007,981.7666666666667,65,Q3,S1
2008,981.9,65,Q3,S8
2009,983.4666666666667,65,Q3,S2
2010,983.7166666666667,65,Q2,S5
2011,983.7166666666667,65,Q2,S1
2012,984.0,65,Q4,S10
2013,985.3333333333334,65,Q2,S3
2014,985.35,65,Q3,S3
2015,986.2666666666667,65,Q3,S1
2016,987.1,65,Q2,S8
2017,987.3666666666667,65,Q2,S8
2018,987.3666666666667,65,Q2,S8
2019,987.4,65,Q4,S4
2020,987.75,65,Q3,S8
2021,987.7833333333333,65,Q4,S1
2022,988.9833333333333,65,Q3,S2
2023,989.0666666666667,65,Q3,S3
2024,989.5,65,Q2,S10
2025,989.5,65,Q2,S10
2026,989.5833333333334,65,Q2,S10
2027,989.5833333333334,65,Q2,S10
2028,989.7333333333333,65,Q2,S8
2029,990.6166666666667,66,Q3,S7
2030,991.1833333333333,66,Q3,S2
2031,991.5666666666667,66,Q3,S4
2032,992.0,66,Q3,S1
2033,992.3833333333333,66,Q3,S10
2034,992.55,66,Q2,S2
2035,992.55,66,Q2,S2
2036,993.1333333333333,66,Q4,S4
2037,993.55,66,Q2,S11
2038,994.65,66,Q3,S7
2039,995.25,66,Q3,S4
2040,995.65,66,Q2,S7
2041,995.65,66,Q2,S3
2042,996.0666666666667,66,Q3,S3
2043,996.6166666666667,66,Q3,S7
2044,996.6666666666666,66,Q3,S1
2045,997.0166666666667,66,Q3,S1
2046,997.8166666666667,66,Q2,S11
2047,999.4666666666667,66,Q3,S1
2048,1000.2333333333333,66,Q2,S11
2049,1000.3,66,Q3,S11
2050,1000.3,66,Q3,S11
2051,1001.1666666666666,66,Q3,S8
2052,1001.1666666666666,66,Q3,S11
2053,1001.9833333333333,66,Q3,S9
2054,1002.0,66,Q2,S12
2055,1002.0,66,Q2,S12
2056,1002.0333333333333,66,Q2,S10
2057,1002.0333333333333,66,Q2,S10
2058,1002.3333333333334,66,Q3,S2
2059,1002.5666666666667,66,Q4,S2
2060,1003.4,66,Q3,S2
2061,1003.6166666666667,66,Q2,S11
2062,1005.2,67,Q3,S7
2063,1006.7666666666667,67,Q2,S9
2064,1007.0833333333334,67,Q2,S2
2065,1007.0833333333334,67,Q2,S2
2066,1013.35,67,Q4,S11
2067,1013.5,67,Q2,S11
2068,1014.0,67,Q4,S2
2069,1015.0,67,Q3,S11
2070,1015.0,67,Q3,S1
2071,1015.0166666666667,67,Q4,S10
2072,1015.5,67,Q2,S5
2073,1016.2166666666667,67,Q4,S2
2074,1016.7166666666667,67,Q2,S3
2075,1017.0666666666667,67,Q3,S1
2076,1017.3,67,Q3,S2
2077,1017.8333333333334,67,Q2,S11
2078,1017.9,67,S10,Q3
2079,1018.1166666666667,67,Q3,S1
2080,1018.1666666666666,67,Q3,S7
2081,1018.1666666666666,67,Q3,S7
2082,1018.7666666666667,67,Q2,S10
2083,1019.0833333333334,67,Q3,S5
2084,1019.95,67,S10,Q3
2085,1020.9666666666667,68,Q3,S4
2086,1021.6166666666667,68,Q3,S8
2087,1021.7833333333333,68,S11,Q3
2088,1021.9333333333333,68,Q3,S1
2089,1022.0,68,Q2,S5
2090,1022.1,68,S10,Q3
2091,1022.5,68,Q3,S4
2092,1022.7,68,Q3,S3
2093,1022.9,68,S10,Q3
2094,1022.95,68,Q3,S3
2095,1023.1166666666667,68,Q3,S4
2096,1023.9833333333333,68,S11,Q3
2097,1024.85,68,Q3,S10
2098,1025.5,68,Q3,S8
2099,1025.8166666666666,68,Q2,S10
2100,1025.8166666666666,68,Q2,S10
2101,1027.25,68,Q3,S5
2102,1027.3,68,Q2,S8
2103,1027.6666666666667,68,Q3,S1
2104,1027.9333333333334,68,S11,Q3
2105,1028.2333333333333,68,Q3,S1
2106,1028.5833333333333,68,Q4,S2
2107,1028.7,68,Q3,S10
2108,1029.1833333333334,68,Q2,S7
2109,1029.1833333333334,68,Q2,S10
2110,1029.6,68,Q4,S4
2111,1029.6666666666667,68,Q3,S2
2112,1030.6666666666667,68,S11,Q3
2113,1031.2833333333333,68,Q2,S1
2114,1031.75,68,Q3,S1
2115,1032.4166666666667,68,Q3,S1
2116,1032.4166666666667,68,Q3,S1
2117,1032.6,68,Q3,S11
2118,1032.6,68,Q3,S11
2119,1034.05,68,Q3,S2
2120,1034.4666666666667,68,Q3,S1
2121,1034.9,68,Q3,S1
2122,1036.2666666666667,69,Q2,S10
2123,1036.2666666666667,69,Q2,S7
2124,1036.4666666666667,69,Q4,S2
2125,1036.6666666666667,69,Q3,S8
2126,1036.6666666666667,69,Q3,S3
2127,1036.8,69,Q2,S4
2128,1037.4,69,Q3,S5
2129,1037.5,69,Q3,S1
2130,1037.7833333333333,69,Q3,S5
2131,1037.8333333333333,69,Q2,S2
2132,1037.8333333333333,69,Q2,S2
2133,1037.8666666666666,69,Q3,S2
2134,1038.1166666666666,69,Q4,S2
2135,1039.15,69,Q3,S11
2136,1039.15,69,Q3,S11
2137,1040.0166666666667,69,S10,Q3
2138,1040.7666666666667,69,Q3,S2
2139,1040.8333333333333,69,Q3,S1
2140,1041.1666666666667,69,Q2,S10
2141,1041.1666666666667,69,Q2,S10
2142,1041.4166666666667,69,Q3,S11
2143,1041.4166666666667,69,Q3,S1
2144,1042.2333333333333,69,Q3,S1
2145,1042.5833333333333,69,Q2,S10
2146,1042.5833333333333,69,Q2,S10
2147,1042.6166666666666,69,S10,Q3
2148,1042.65,69,S11,Q3
2149,1043.0166666666667,69,Q2,S7
2150,1043.35,69,Q3,S1
2151,1043.75,69,Q3,S1
2152,1044.0166666666667,69,Q3,S10
2153,1044.0166666666667,69,Q3,S11
2154,1044.4333333333334,69,Q3,S1
2155,1044.7166666666667,69,Q2,S2
2156,1044.7166666666667,69,Q2,S10
2157,1044.7833333333333,69,Q3,S5
2158,1044.7833333333333,69,Q3,S8
2159,1044.9,69,Q4,S1
2160,1045.45,69,Q3,S8
2161,1045.45,69,Q3,S10
2162,1046.1,69,S11,Q3
2163,1046.4333333333334,69,Q2,S10
2164,1046.4333333333334,69,Q2,S10
2165,1046.8333333333333,69,Q2,S10
2166,1046.8333333333333,69,Q2,S10
2167,1047.55,69,Q3,S1
2168,1049.25,69,S11,Q3
2169,1050.5833333333333,70,Q3,S11
2170,1050.5833333333333,70,Q3,S11
2171,1051.95,70,Q3,S1
2172,1051.95,70,Q3,S11
2173,1052.7166666666667,70,S11,Q3
2174,1052.95,70,Q3,S3
2175,1053.1833333333334,70,Q3,S11
2176,1053.1833333333334,70,Q3,S11
2177,1053.3666666666666,70,Q2,S2
2178,1053.7166666666667,70,S11,Q3
2179,1054.4,70,Q4,S3
2180,1054.4333333333334,70,Q2,S10
2181,1054.4333333333334,70,Q2,S1
2182,1054.7833333333333,70,Q3,S8
2183,1054.7833333333333,70,Q3,S11
2184,1054.8166666666666,70,Q2,S7
2185,1055.1166666666666,70,Q3,S11
2186,1055.1166666666666,70,Q3,S8
2187,1056.5166666666667,70,S11,Q3
2188,1056.6166666666666,70,Q3,S1
2189,1056.6166666666666,70,Q3,S8
2190,1057.4,70,Q4,S2
2191,1057.5833333333333,70,Q3,S8
2192,1057.5833333333333,70,Q3,S8
2193,1058.9166666666667,70,Q2,S5
2194,1058.9166666666667,70,Q2,S10
2195,1059.4,70,Q4,S2
2196,1059.4333333333334,70,Q2,S7
2197,1059.6166666666666,70,Q3,S4
2198,1059.6166666666666,70,Q3,S4
2199,1059.85,70,Q3,S10
2200,1059.85,70,Q3,S1
2201,1061.3833333333334,70,Q2,S10
2202,1061.3833333333334,70,Q2,S2
2203,1061.9166666666667,70,Q3,S4
2204,1061.9166666666667,70,Q3,S4
2205,1062.25,70,S5,Q3
2206,1062.4,70,Q3,S1
2207,1062.4,70,Q3,S5
2208,1063.1333333333334,70,Q3,S7
2209,1063.1333333333334,70,Q3,S2
2210,1063.5,70,Q3,S1
2211,1064.2666666666667,70,Q3,S7
2212,1064.2666666666667,70,Q3,S11
2213,1064.8333333333333,70,Q2,S5
2214,1064.8333333333333,70,Q2,S10
2215,1065.2666666666667,71,Q2,S2
2216,1065.4666666666667,71,S5,Q3
2217,1065.5833333333333,71,S11,Q3
2218,1066.3333333333333,71,Q3,S2
2219,1067.05,71,Q3,S2
2220,1067.05,71,Q3,S4
2221,1067.1333333333334,71,Q2,S2
2222,1067.4666666666667,71,Q3,S1
2223,1067.6666666666667,71,S11,Q3
2224,1068.35,71,Q4,S2
2225,1069.7,71,Q3,S10
2226,1069.7,71,Q3,S4
2227,1069.7833333333333,71,S10,Q3
2228,1070.2166666666667,71,Q4,S10
2229,1070.3,71,S11,Q3
2230,1070.85,71,Q3,S1
2231,1071.2,71,Q3,S1
2232,1071.55,71,Q2,S2
2233,1071.9,71,Q3,S11
2234,1071.9,71,Q3,S1
2235,1072.0333333333333,71,Q3,S1
2236,1072.0333333333333,71,Q3,S1
2237,1072.2333333333333,71,Q3,S2
2238,1072.25,71,Q2,S1
2239,1073.15,71,S10,Q3
2240,1073.9833333333333,71,S11,Q3
2241,1074.15,71,Q3,S2
2242,1074.7166666666667,71,Q3,S5
2243,1075.2,71,S10,Q3
2244,1075.9833333333333,71,Q3,S8
2245,1075.9833333333333,71,Q3,S8
2246,1076.25,71,Q3,S11
2247,1076.25,71,Q3,S11
2248,1076.35,71,Q3,S5
2249,1076.8166666666666,71,Q2,S5
2250,1076.95,71,Q3,S5
2251,1076.95,71,Q3,S7
2252,1076.9833333333333,71,S10,Q3
2253,1078.3,71,Q3,S1
2254,1078.7333333333333,71,Q3,S8
2255,1078.7333333333333,71,Q3,S10
2256,1078.7666666666667,71,Q2,S4
2257,1079.7333333333333,71,Q3,S8
2258,1079.7333333333333,71,Q3,S8
2259,1079.8333333333333,71,Q4,S2
2260,1080.45,72,Q2,S7
2261,1080.6,72,Q3,S1
2262,1080.6,72,Q3,S10
2263,1080.9833333333333,72,Q3,S7
2264,1081.5666666666666,72,Q4,S8
2265,1083.7833333333333,72,Q3,S11
2266,1083.7833333333333,72,Q3,S1
2267,1084.5666666666666,72,Q3,S10
2268,1085.1166666666666,72,Q3,S1
2269,1085.1166666666666,72,Q3,S1
2270,1087.45,72,Q3,S1
2271,1087.6,72,Q3,S3
2272,1088.0333333333333,72,Q3,S11
2273,1088.0333333333333,72,Q3,S11
2274,1088.3166666666666,72,Q4,S2
2275,1088.7833333333333,72,Q3,S11
2276,1088.7833333333333,72,Q3,S11
2277,1088.8333333333333,72,Q3,S11
2278,1088.8333333333333,72,Q3,S11
2279,1089.3333333333333,72,Q3,S8
2280,1089.3333333333333,72,Q3,S4
2281,1089.6666666666667,72,Q3,S4
2282,1089.6666666666667,72,Q3,S4
2283,1089.9833333333333,72,Q4,S1
2284,1090.4666666666667,72,Q3,S1
2285,1090.4666666666667,72,Q3,S5
2286,1091.7166666666667,72,Q4,S2
2287,1092.2333333333333,72,Q3,S7
2288,1092.2333333333333,72,Q3,S11
2289,1092.2833333333333,72,Q2,S4
2290,1093.5333333333333,72,Q3,S8
2291,1093.5333333333333,72,Q3,S8
2292,1093.7,72,Q4,S7
2293,1093.7833333333333,72,Q3,S5
2294,1095.0,73,Q3,S2
2295,1095.55,73,Q3,S3
2296,1095.5666666666666,73,Q3,S3
2297,1096.1,73,Q3,S5
2298,1096.9,73,Q3,S10
2299,1097.0333333333333,73,Q2,S5
2300,1097.25,73,Q3,S11
2301,1098.75,73,Q3,S1
2302,1098.9,73,Q4,S2
2303,1099.0833333333333,73,Q3,S2
2304,1100.35,73,Q3,S5
2305,1100.4833333333333,73,Q4,S2
2306,1100.5166666666667,73,Q3,S1
2307,1100.5166666666667,73,Q3,S8
2308,1101.5166666666667,73,Q3,S8
2309,1102.2666666666667,73,Q3,S10
2310,1102.2666666666667,73,Q3,S4
2311,1103.0333333333333,73,S10,Q3
2312,1103.1,73,Q3,S1
2313,1103.1,73,Q3,S10
2314,1103.1666666666667,73,Q2,S2
2315,1103.3166666666666,73,Q3,S11
2316,1103.3166666666666,73,Q3,S8
2317,1103.9166666666667,73,Q3,S11
2318,1103.9166666666667,73,Q3,S11
2319,1103.9666666666667,73,Q3,S11
2320,1104.5166666666667,73,Q2,S8
2321,1105.0,73,Q3,S8
2322,1105.0,73,Q3,S8
2323,1105.35,73,Q3,S11
2324,1105.35,73,Q3,S1
2325,1105.7666666666667,73,Q2,S8
2326,1106.1833333333334,73,S10,Q3
2327,1106.6,73,Q4,S2
2328,1106.8833333333334,73,Q3,S11
2329,1106.8833333333334,73,Q3,S1
2330,1106.9833333333333,73,Q3,S10
2331,1106.9833333333333,73,Q3,S4
2332,1107.2666666666667,73,Q3,S2
2333,1107.5166666666667,73,Q2,S2
2334,1107.6833333333334,73,Q2,S2
2335,1108.6666666666667,73,Q3,S11
2336,1108.6666666666667,73,Q3,S11
2337,1108.75,73,Q3,S1
2338,1108.75,73,Q3,S7
2339,1109.4,73,Q3,S1
2340,1109.4,73,Q3,S1
2341,1109.75,73,Q3,S11
2342,1109.75,73,Q3,S1
2343,1110.4166666666667,74,Q3,S11
2344,1110.4166666666667,74,Q3,S8
2345,1111.0833333333333,74,Q2,S2
2346,1111.5333333333333,74,Q3,S4
2347,1112.3833333333334,74,Q2,S11
2348,1112.6166666666666,74,Q3,S7
2349,1112.6166666666666,74,Q3,S7
2350,1113.6833333333334,74,Q3,S7
2351,1113.6833333333334,74,Q3,S7
2352,1113.75,74,Q3,S4
2353,1114.6166666666666,74,Q2,S11
2354,1115.6166666666666,74,Q3,S3
2355,1115.6166666666666,74,Q3,S3
2356,1115.6833333333334,74,Q3,S4
2357,1116.5,74,Q3,S11
2358,1116.5,74,Q3,S11
2359,1117.1333333333334,74,Q4,S1
2360,1117.3166666666666,74,Q2,S8
2361,1119.0,74,Q3,S2
2362,1119.0166666666667,74,Q3,S2
2363,1119.15,74,Q3,S1
2364,1119.15,74,Q3,S7
2365,1119.5166666666667,74,Q3,S4
2366,1120.5833333333333,74,Q3,S10
2367,1120.8,74,Q2,S2
2368,1120.9833333333333,74,Q3,S5
2369,1122.2,74,Q3,S3
2370,1122.2,74,Q3,S3
2371,1122.7,74,Q3,S1
2372,1122.7,74,Q3,S1
2373,1123.0833333333333,74,Q3,S11
2374,1123.0833333333333,74,Q3,S1
2375,1123.1833333333334,74,Q3,S2
2376,1123.25,74,Q3,S11
2377,1123.25,74,Q3,S11
2378,1123.5666666666666,74,Q2,S10
2379,1123.85,74,Q2,S10
2380,1124.4666666666667,74,Q4,S8
2381,1124.7166666666667,74,Q3,S5
2382,1124.7166666666667,74,Q3,S8
2383,1125.05,75,Q3,S5
2384,1126.25,75,Q2,S11
2385,1126.9666666666667,75,Q3,S4
2386,1128.3333333333333,75,Q3,S8
2387,1128.3333333333333,75,Q3,S8
2388,1128.7333333333333,75,Q3,S11
2389,1128.7333333333333,75,Q3,S10
2390,1129.5333333333333,75,Q3,S11
2391,1129.75,75,Q2,S10
2392,1129.8,75,Q3,S4
2393,1130.7,75,Q3,S10
2394,1130.7,75,Q3,S10
2395,1130.9333333333334,75,Q3,S11
2396,1131.8166666666666,75,Q3,S4
2397,1132.3333333333333,75,Q3,S4
2398,1132.3333333333333,75,Q3,S10
2399,1133.6333333333334,75,Q3,S3
2400,1133.8333333333333,75,Q2,S10
2401,1134.5,75,Q3,S11
2402,1134.5,75,Q3,S11
2403,1134.5333333333333,75,Q3,S3
2404,1134.5333333333333,75,Q3,S3
2405,1134.85,75,Q2,S10
2406,1134.85,75,Q2,S10
2407,1135.1833333333334,75,Q2,S7
2408,1135.1833333333334,75,Q2,S7
2409,1135.7,75,Q3,S11
2410,1135.7,75,Q3,S11
2411,1137.4666666666667,75,Q3,S1
2412,1137.4666666666667,75,Q3,S10
2413,1138.1,75,Q3,S11
2414,1138.9833333333333,75,Q3,S3
2415,1139.6833333333334,75,Q2,S9
2416,1139.9166666666667,75,Q3,S11
2417,1139.9166666666667,75,Q3,S11
2418,1140.2,76,Q3,S4
2419,1140.2,76,Q3,S5
2420,1140.2833333333333,76,Q2,S7
2421,1140.2833333333333,76,Q2,S7
2422,1140.7666666666667,76,Q3,S1
2423,1140.7666666666667,76,Q3,S1
2424,1141.1166666666666,76,Q3,S9
2425,1142.1666666666667,76,Q3,S8
2426,1142.1666666666667,76,Q3,S8
2427,1142.6,76,Q3,S4
2428,1142.6,76,Q3,S1
2429,1143.6,76,Q2,S10
2430,1143.7166666666667,76,Q3,S1
2431,1143.7166666666667,76,Q3,S1
2432,1143.8,76,Q3,S10
2433,1143.8,76,Q3,S10
2434,1143.8,76,Q3,S10
2435,1143.9333333333334,76,Q2,S1
2436,1144.4166666666667,76,Q2,S1
2437,1144.45,76,Q3,S4
2438,1144.45,76,Q3,S7
2439,1145.15,76,Q3,S11
2440,1145.15,76,Q3,S11
2441,1146.5333333333333,76,Q3,S9
2442,1146.6,76,Q2,S3
2443,1147.1166666666666,76,Q2,S10
2444,1147.55,76,Q3,S5
2445,1147.55,76,Q3,S3
2446,1148.0833333333333,76,Q2,S10
2447,1148.1,76,Q3,S8
2448,1148.1,76,Q3,S8
2449,1148.4333333333334,76,Q3,S12
2450,1148.9,76,Q3,S11
2451,1148.9,76,Q3,S1
2452,1149.2833333333333,76,Q2,S10
2453,1149.7666666666667,76,Q2,S3
2454,1150.1166666666666,76,Q2,S3
2455,1151.2333333333333,76,Q3,S7
2456,1151.2333333333333,76,Q3,S7
2457,1152.8666666666666,76,Q2,S9
2458,1154.0166666666667,76,Q2,S3
2459,1155.8333333333333,77,Q3,S10
2460,1155.8333333333333,77,Q3,S11
2461,1156.6666666666667,77,Q3,S11
2462,1156.6666666666667,77,Q3,S10
2463,1157.0833333333333,77,Q3,S7
2464,1157.0833333333333,77,Q3,S1
2465,1158.1666666666667,77,Q3,S1
2466,1158.1666666666667,77,Q3,S1
2467,1160.8,77,Q3,S10
2468,1160.8,77,Q3,S1
2469,1163.4333333333334,77,Q3,S1
2470,1163.4333333333334,77,Q3,S1
2471,1163.5166666666667,77,Q3,S11
2472,1163.5166666666667,77,Q3,S10
2473,1164.0666666666666,77,Q3,S5
2474,1166.5,77,Q3,S8
2475,1166.5,77,Q3,S11
2476,1166.9333333333334,77,Q3,S5
2477,1166.9333333333334,77,Q3,S5
2478,1167.8333333333333,77,Q3,S1
2479,1167.8333333333333,77,Q3,S11
2480,1170.8333333333333,78,Q2,S11
2481,1172.15,78,Q3,S1
2482,1172.15,78,Q3,S11
2483,1172.5833333333333,78,Q3,S3
2484,1173.6,78,Q3,S10
2485,1173.6,78,Q3,S10
2486,1174.05,78,Q3,S12
2487,1174.6333333333334,78,Q3,S7
2488,1175.0166666666667,78,Q3,S8
2489,1175.0166666666667,78,Q3,S8
2490,1175.0333333333333,78,Q2,S12
2491,1176.0333333333333,78,Q3,S11
2492,1176.0333333333333,78,Q3,S11
2493,1178.4333333333334,78,Q2,S9
2494,1178.55,78,Q3,S11
2495,1178.55,78,Q3,S8
2496,1178.95,78,Q3,S4
2497,1179.05,78,Q3,S8
2498,1179.05,78,Q3,S1
2499,1180.1333333333334,78,Q2,S1
2500,1181.9,78,Q3,S4
2501,1181.9,78,Q3,S10
2502,1182.3,78,Q3,S10
2503,1182.3,78,Q3,S1
2504,1183.0833333333333,78,Q2,S12
2505,1183.65,78,Q3,S10
2506,1183.65,78,Q3,S10
2507,1186.7833333333333,79,Q3,S1
2508,1191.5166666666667,79,Q3,S11
2509,1193.45,79,Q2,S7
2510,1193.5666666666666,79,Q3,S8
2511,1193.5666666666666,79,Q3,S8
2512,1193.8666666666666,79,Q3,S5
2513,1194.0333333333333,79,Q2,S4
2514,1194.0833333333333,79,Q3,S1
2515,1194.75,79,Q3,S10
2516,1194.75,79,Q3,S10
2517,1195.2166666666667,79,Q2,S9
2518,1196.8166666666666,79,Q2,S2
2519,1197.1666666666667,79,Q2,S10
2520,1197.3833333333334,79,Q3,S1
2521,1197.5666666666666,79,Q3,S3
2522,1197.5833333333333,79,Q3,S11
2523,1197.5833333333333,79,Q3,S1
2524,1198.1833333333334,79,Q3,S1
2525,1198.6,79,Q3,S4
2526,1198.6,79,Q3,S9
2527,1200.3333333333333,80,Q3,S8
2528,1200.3333333333333,80,Q3,S8
2529,1200.65,80,Q2,S1
2530,1200.9,80,Q3,S11
2531,1200.9,80,Q3,S11
2532,1201.2,80,Q3,S1
2533,1201.9666666666667,80,S7,Q3
2534,1203.4,80,Q3,S8
2535,1203.4,80,Q3,S8
2536,1203.4833333333333,80,S7,Q3
2537,1205.4833333333333,80,Q2,S12
2538,1206.3833333333334,80,Q3,S10
2539,1206.3833333333334,80,Q3,S10
2540,1206.55,80,Q2,S12
2541,1207.5833333333333,80,Q3,S9
2542,1207.5833333333333,80,Q3,S9
2543,1208.35,80,Q2,S10
2544,1209.1833333333334,80,Q3,S5
2545,1209.1833333333334,80,Q3,S5
2546,1210.3333333333333,80,Q3,S9
2547,1210.9666666666667,80,Q3,S10
2548,1210.9666666666667,80,Q3,S10
2549,1211.9,80,Q3,S1
2550,1211.9,80,Q3,S10
2551,1212.0,80,Q3,S10
2552,1213.0666666666666,80,Q3,S4
2553,1213.0666666666666,80,Q3,S10
2554,1213.1,80,Q2,S3
2555,1214.15,80,Q3,S8
2556,1214.15,80,Q3,S11
2557,1214.8,80,Q3,S3
2558,1215.6,81,Q3,S11
2559,1216.1,81,Q2,S8
2560,1217.2666666666667,81,Q3,S8
2561,1217.2666666666667,81,Q3,S8
2562,1218.3666666666666,81,Q3,S5
2563,1219.55,81,Q3,S11
2564,1219.55,81,Q3,S11
2565,1220.35,81,Q3,S1
2566,1220.35,81,Q3,S1
2567,1220.4,81,Q2,S3
2568,1220.4,81,Q2,S3
2569,1220.7166666666667,81,Q3,S11
2570,1220.7166666666667,81,Q3,S11
2571,1220.9333333333334,81,S7,Q3
2572,1222.4166666666667,81,Q2,S10
2573,1222.4166666666667,81,Q2,S10
2574,1222.75,81,Q3,S1
2575,1222.75,81,Q3,S11
2576,1223.8166666666666,81,Q3,S1
2577,1223.8166666666666,81,Q3,S4
2578,1224.9666666666667,81,S7,Q3
2579,1225.4,81,Q3,S10
2580,1225.4,81,Q3,S10
2581,1226.6833333333334,81,Q3,S5
2582,1226.6833333333334,81,Q3,S5
2583,1227.3166666666666,81,Q2,S2
2584,1227.5333333333333,81,Q3,S4
2585,1227.5333333333333,81,Q3,S11
2586,1229.35,81,Q3,S1
2587,1229.35,81,Q3,S8
2588,1232.1,82,Q2,S1
2589,1232.8166666666666,82,Q3,S10
2590,1232.8166666666666,82,Q3,S10
2591,1233.55,82,Q3,S1
2592,1233.55,82,Q3,S1
2593,1236.25,82,Q2,S2
2594,1236.5333333333333,82,Q2,S10
2595,1236.5333333333333,82,Q2,S10
2596,1236.8666666666666,82,Q3,S10
2597,1236.8666666666666,82,Q3,S11
2598,1238.25,82,Q3,S11
2599,1238.25,82,Q3,S11
2600,1239.0166666666667,82,Q3,S1
2601,1240.0333333333333,82,Q2,S1
2602,1240.2833333333333,82,Q3,S8
2603,1240.2833333333333,82,Q3,S8
2604,1241.25,82,S7,Q3
2605,1241.5166666666667,82,Q3,S11
2606,1241.5166666666667,82,Q3,S11
2607,1242.1666666666667,82,Q3,S8
2608,1242.1666666666667,82,Q3,S8
2609,1244.4,82,Q2,S2
2610,1244.4,82,Q3,S8
2611,1244.4,82,Q3,S8
2612,1244.4166666666667,82,Q3,S11
2613,1244.4166666666667,82,Q3,S1
2614,1244.75,82,S7,Q3
2615,1245.8833333333334,83,Q3,S8
2616,1245.8833333333334,83,Q3,S8
2617,1247.95,83,Q3,S8
2618,1247.95,83,Q3,S8
2619,1249.3,83,Q3,S5
2620,1249.3,83,Q3,S11
2621,1250.0666666666666,83,S5,Q3
2622,1250.6666666666667,83,S7,Q3
2623,1251.0333333333333,83,S5,Q3
2624,1251.15,83,Q3,S8
2625,1251.15,83,Q3,S8
2626,1251.2166666666667,83,Q3,S5
2627,1251.2166666666667,83,Q3,S5
2628,1251.2666666666667,83,Q3,S1
2629,1251.3166666666666,83,Q3,S8
2630,1251.3166666666666,83,Q3,S10
2631,1251.75,83,Q2,S2
2632,1252.1833333333334,83,Q3,S1
2633,1253.9666666666667,83,Q2,S2
2634,1254.0333333333333,83,Q3,S8
2635,1254.0333333333333,83,Q3,S8
2636,1254.3666666666666,83,Q3,S11
2637,1254.3666666666666,83,Q3,S8
2638,1254.6833333333334,83,S5,Q3
2639,1255.5333333333333,83,Q3,S2
2640,1255.5666666666666,83,Q3,S2
2641,1256.1833333333334,83,Q2,S2
2642,1256.2833333333333,83,S7,Q3
2643,1257.9,83,Q3,S1
2644,1257.9,83,Q3,S1
2645,1258.35,83,Q3,S1
2646,1258.55,83,Q3,S8
2647,1259.7333333333333,83,S5,Q3
2648,1260.2333333333333,84,Q3,S9
2649,1260.2333333333333,84,Q3,S9
2650,1260.5,84,Q3,S11
2651,1260.5,84,Q3,S11
2652,1260.8333333333333,84,Q3,S1
2653,1260.8333333333333,84,Q3,S1
2654,1261.2666666666667,84,S7,Q3
2655,1262.0666666666666,84,Q3,S1
2656,1264.35,84,Q2,S2
2657,1265.25,84,Q3,S5
2658,1265.25,84,Q3,S5
2659,1265.45,84,S7,Q3
2660,1265.8333333333333,84,Q3,S2
2661,1265.8333333333333,84,Q3,S2
2662,1265.9166666666667,84,Q2,S2
2663,1266.4,84,Q3,S1
2664,1269.0,84,Q3,S11
2665,1269.0,84,Q3,S11
2666,1269.35,84,Q2,S2
2667,1269.5166666666667,84,Q2,S10
2668,1269.5166666666667,84,Q2,S10
2669,1269.6333333333334,84,S10,Q3
2670,1270.0666666666666,84,S7,Q3
2671,1270.1,84,Q3,S4
2672,1270.2833333333333,84,Q2,S2
2673,1270.8166666666666,84,Q2,S10
2674,1270.8166666666666,84,Q2,S10
2675,1271.3,84,Q3,S12
2676,1271.3,84,Q3,S11
2677,1271.5833333333333,84,S10,Q3
2678,1272.5,84,S10,Q3
2679,1273.1,84,Q2,S10
2680,1273.1,84,Q2,S10
2681,1273.9833333333333,84,S7,Q3
2682,1274.75,84,Q3,S5
2683,1274.75,84,Q3,S5
2684,1274.8,84,Q2,S8
2685,1274.8166666666666,84,S10,Q3
2686,1275.2,85,Q3,S5
2687,1275.2,85,Q3,S8
2688,1276.0833333333333,85,Q3,S11
2689,1276.0833333333333,85,Q3,S2
2690,1276.45,85,Q3,S1
2691,1276.45,85,Q3,S1
2692,1276.5833333333333,85,Q2,S2
2693,1276.7833333333333,85,S10,Q3
2694,1276.95,85,Q2,S3
2695,1277.2833333333333,85,S10,Q3
2696,1278.6166666666666,85,Q2,S8
2697,1281.7333333333333,85,Q3,S1
2698,1281.7333333333333,85,Q3,S10
2699,1282.15,85,S10,Q3
2700,1282.95,85,Q2,S9
2701,1282.95,85,Q2,S9
2702,1283.75,85,S7,Q3
2703,1284.0,85,Q3,S2
2704,1284.0,85,Q3,S8
2705,1284.0666666666666,85,Q2,S1
2706,1284.5333333333333,85,S4,Q3
2707,1284.65,85,S10,Q3
2708,1285.0,85,Q2,S5
2709,1286.6666666666667,85,Q3,S10
2710,1286.6666666666667,85,Q3,S8
2711,1288.2166666666667,85,Q3,S2
2712,1288.2166666666667,85,Q3,S2
2713,1288.55,85,Q2,S1
2714,1288.9666666666667,85,S4,Q3
2715,1289.05,85,S11,Q3
2716,1289.3166666666666,85,Q2,S8
2717,1289.3166666666666,85,Q2,S8
2718,1290.7666666666667,86,Q3,S5
2719,1290.7666666666667,86,Q3,S11
2720,1290.9166666666667,86,S7,Q3
2721,1291.25,86,Q2,S7
2722,1291.25,86,Q2,S11
2723,1291.8333333333333,86,Q2,S1
2724,1291.9166666666667,86,Q2,S1
2725,1291.9166666666667,86,Q2,S1
2726,1292.4333333333334,86,S11,Q3
2727,1292.7333333333333,86,Q2,S11
2728,1292.7333333333333,86,Q2,S10
2729,1293.55,86,Q3,S11
2730,1294.45,86,Q2,S10
2731,1294.4833333333333,86,Q3,S8
2732,1294.5666666666666,86,Q2,S1
2733,1294.6,86,S11,Q3
2734,1294.9166666666667,86,S7,Q3
2735,1295.4333333333334,86,S11,Q3
2736,1295.5,86,S7,Q3
2737,1295.65,86,S7,Q3
2738,1296.1833333333334,86,Q2,S2
2739,1296.3,86,Q2,S10
2740,1296.5666666666666,86,S11,Q3
2741,1297.75,86,Q3,S8
2742,1297.75,86,Q3,S8
2743,1298.2833333333333,86,S10,Q2
2744,1298.6833333333334,86,S7,Q3
2745,1299.05,86,S10,Q3
2746,1299.1333333333334,86,Q3,S9
2747,1300.3333333333333,86,S11,Q3
2748,1300.65,86,S10,Q2
2749,1302.0333333333333,86,S11,Q3
2750,1302.1333333333334,86,S10,Q3
2751,1302.4333333333334,86,S7,Q3
2752,1303.55,86,S10,Q2
2753,1303.7333333333333,86,Q3,S8
2754,1303.7333333333333,86,Q3,S8
2755,1303.7833333333333,86,S5,Q3
2756,1303.7833333333333,86,Q2,S10
2757,1303.8833333333334,86,Q2,S2
2758,1304.75,86,S4,Q3
2759,1306.4,87,Q3,S11
2760,1306.4,87,Q3,S11
2761,1306.75,87,S5,Q3
2762,1307.3,87,S4,Q3
2763,1308.3833333333334,87,Q2,S10
2764,1309.6333333333334,87,S10,Q2
2765,1310.3,87,S4,Q3
2766,1311.8666666666666,87,S5,Q3
2767,1312.0,87,S4,Q3
2768,1312.1666666666667,87,Q2,S2
2769,1313.1333333333334,87,S10,Q2
2770,1313.1666666666667,87,Q2,S7
2771,1314.15,87,Q3,S10
2772,1314.15,87,Q3,S10
2773,1315.2166666666667,87,S4,Q3
2774,1316.5166666666667,87,Q3,S8
2775,1316.5166666666667,87,Q3,S8
2776,1316.85,87,Q2,S2
2777,1318.2166666666667,87,Q3,S10
2778,1318.2166666666667,87,Q3,S10
2779,1318.2333333333333,87,S7,Q3
2780,1318.45,87,Q2,S9
2781,1318.4666666666667,87,S5,Q3
2782,1319.1,87,Q3,S10
2783,1319.1,87,Q3,S10
2784,1319.2333333333333,87,S4,Q3
2785,1319.7333333333333,87,S7,Q3
2786,1320.1333333333334,88,S5,Q3
2787,1320.7,88,S7,Q3
2788,1320.7166666666667,88,Q2,S9
2789,1321.0666666666666,88,S7,Q3
2790,1322.4,88,Q3,S1
2791,1322.4,88,Q3,S1
2792,1322.5333333333333,88,S7,Q3
2793,1322.55,88,Q2,S2
2794,1322.9,88,Q3,S1
2795,1322.9,88,Q3,S11
2796,1323.0833333333333,88,S7,Q3
2797,1323.5166666666667,88,S5,Q3
2798,1323.7166666666667,88,S10,Q2
2799,1324.7333333333333,88,S10,Q3
2800,1325.1,88,Q3,S10
2801,1325.1,88,Q3,S10
2802,1325.1666666666667,88,Q2,S10
2803,1325.25,88,S7,Q3
2804,1326.2333333333333,88,S11,Q3
2805,1326.2833333333333,88,Q2,S10
2806,1326.6166666666666,88,S5,Q3
2807,1327.55,88,Q2,S2
2808,1328.4333333333334,88,Q3,S11
2809,1328.4333333333334,88,Q3,S8
2810,1329.0166666666667,88,Q3,S1
2811,1329.0166666666667,88,Q3,S3
2812,1329.0666666666666,88,S10,Q3
2813,1329.8,88,S11,Q3
2814,1330.8333333333333,88,Q2,S1
2815,1331.3166666666666,88,Q3,S4
2816,1331.3166666666666,88,Q3,S11
2817,1331.4166666666667,88,S11,Q3
2818,1332.7,88,S7,Q3
2819,1332.8333333333333,88,S10,Q2
2820,1333.2666666666667,88,S10,Q3
2821,1333.8666666666666,88,Q2,S10
2822,1335.0833333333333,89,S11,Q3
2823,1336.0,89,S7,Q3
2824,1336.35,89,Q2,S1
2825,1336.4,89,S10,Q3
2826,1336.5666666666666,89,S11,Q3
2827,1338.1,89,S10,Q3
2828,1338.2333333333333,89,Q2,S8
2829,1338.2666666666667,89,S10,Q3
2830,1339.0166666666667,89,Q2,S1
2831,1339.1833333333334,89,S7,Q3
2832,1339.55,89,S7,Q3
2833,1339.5666666666666,89,Q2,S2
2834,1339.5666666666666,89,Q2,S8
2835,1340.3333333333333,89,S10,Q3
2836,1340.45,89,S11,Q3
2837,1341.3833333333334,89,S10,Q3
2838,1341.55,89,S7,Q3
2839,1341.9333333333334,89,S10,Q2
2840,1342.5833333333333,89,S11,Q2
2841,1343.35,89,S7,Q3
2842,1343.4333333333334,89,S10,Q3
2843,1343.5666666666666,89,S7,Q3
2844,1344.25,89,Q2,S12
2845,1344.25,89,Q2,S12
2846,1344.8166666666666,89,Q2,S7
2847,1344.8166666666666,89,Q2,S7
2848,1346.85,89,Q2,S5
2849,1347.25,89,S7,Q3
2850,1347.6666666666667,89,S7,Q3
2851,1348.3833333333334,89,Q2,S5
2852,1348.8,89,S10,Q3
2853,1349.1833333333334,89,S7,Q3
2854,1349.55,89,S11,Q2
2855,1350.4333333333334,90,S7,Q3
2856,1350.75,90,S10,Q3
2857,1351.7666666666667,90,S7,Q3
2858,1352.0,90,Q2,S10
2859,1352.2,90,S10,Q3
2860,1352.25,90,Q2,S5
2861,1352.5333333333333,90,S7,Q3
2862,1353.6166666666666,90,Q2,S10
2863,1353.6166666666666,90,Q2,S12
2864,1353.6833333333334,90,S4,Q3
2865,1354.8666666666666,90,Q2,S4
2866,1356.2333333333333,90,S1,Q3
2867,1356.8,90,S10,Q3
2868,1357.2833333333333,90,S7,Q3
2869,1357.35,90,S1,Q3
2870,1357.9833333333333,90,S4,Q3
2871,1358.0833333333333,90,S10,Q2
2872,1358.1333333333334,90,Q2,S8
2873,1358.2666666666667,90,S7,Q3
2874,1358.9,90,S10,Q3
2875,1359.1166666666666,90,Q2,S5
2876,1359.5666666666666,90,S10,Q3
2877,1359.75,90,S4,Q3
2878,1360.2,90,S1,Q3
2879,1360.2333333333333,90,S7,Q3
2880,1361.2666666666667,90,Q2,S1
2881,1362.1833333333334,90,Q2,S8
2882,1362.2833333333333,90,S1,Q3
2883,1362.55,90,S10,Q3
2884,1364.6666666666667,90,S7,Q3
2885,1365.0833333333333,91,Q2,S10
2886,1365.35,91,S1,Q3
2887,1366.1166666666666,91,Q2,S1
2888,1366.3333333333333,91,S10,Q3
2889,1366.3833333333334,91,Q2,S9
2890,1367.65,91,Q2,S9
2891,1367.7166666666667,91,S7,Q3
2892,1367.7833333333333,91,S1,Q3
2893,1369.45,91,S4,Q3
2894,1369.8666666666666,91,Q2,S5
2895,1370.0333333333333,91,S10,Q3
2896,1371.2333333333333,91,S4,Q3
2897,1371.2666666666667,91,S10,Q3
2898,1371.3666666666666,91,S11,Q2
2899,1371.75,91,S1,Q3
2900,1371.8,91,Q2,S4
2901,1372.7833333333333,91,Q2,S1
2902,1373.2666666666667,91,S10,Q3
2903,1373.3666666666666,91,Q2,S1
2904,1373.5333333333333,91,S10,Q3
2905,1373.6,91,S10,Q3
2906,1374.3333333333333,91,S1,Q3
2907,1374.85,91,S10,Q3
2908,1376.2666666666667,91,S10,Q3
2909,1376.4166666666667,91,S10,Q3
2910,1376.5,91,S1,Q3
2911,1377.3833333333334,91,Q2,S9
2912,1377.4833333333333,91,Q2,S8
2913,1378.5333333333333,91,Q2,S2
2914,1378.9166666666667,91,S10,Q3
2915,1378.9166666666667,91,Q2,S8
2916,1379.2333333333333,91,S10,Q3
2917,1379.7,91,S7,Q3
2918,1380.0166666666667,92,S4,Q3
2919,1380.7833333333333,92,S1,Q3
2920,1381.3333333333333,92,Q2,S7
2921,1381.7833333333333,92,S10,Q3
2922,1382.6333333333334,92,S4,Q3
2923,1382.9166666666667,92,S10,Q3
2924,1383.2333333333333,92,Q2,S10
2925,1383.2333333333333,92,Q2,S10
2926,1383.3666666666666,92,Q2,S11
2927,1383.3666666666666,92,Q2,S11
2928,1383.8166666666666,92,S10,Q3
2929,1384.5,92,S11,Q3
2930,1384.9666666666667,92,Q2,S10
2931,1384.9666666666667,92,Q2,S10
2932,1385.3,92,S10,Q3
2933,1385.6833333333334,92,S1,Q3
2934,1385.6833333333334,92,S4,Q3
2935,1386.7666666666667,92,S11,Q3
2936,1386.8,92,S11,Q2
2937,1386.9,92,S7,Q3
2938,1387.3,92,S7,Q3
2939,1387.5,92,S10,Q3
2940,1388.0666666666666,92,Q2,S3
2941,1388.0666666666666,92,Q2,S10
2942,1388.5666666666666,92,Q2,S10
2943,1388.5666666666666,92,Q2,S10
2944,1388.7666666666667,92,S10,Q3
2945,1388.8333333333333,92,S11,Q2
2946,1389.5166666666667,92,S7,Q3
2947,1389.95,92,Q2,S4
2948,1390.2,92,S7,Q3
2949,1391.4166666666667,92,S10,Q3
2950,1391.8333333333333,92,S11,Q2
2951,1391.9833333333333,92,S10,Q3
2952,1393.05,92,Q2,S10
2953,1393.05,92,Q2,S10
2954,1393.6166666666666,92,S11,Q2
2955,1393.65,92,S10,Q3
2956,1394.0166666666667,92,S5,Q3
2957,1394.5166666666667,92,Q2,S10
2958,1394.5166666666667,92,Q2,S10
2959,1394.9666666666667,92,Q2,S3
2960,1395.4166666666667,93,S10,Q3
2961,1395.55,93,S10,Q3
2962,1395.5833333333333,93,Q2,S10
2963,1395.5833333333333,93,Q2,S10
2964,1396.35,93,S11,Q2
2965,1396.7666666666667,93,S4,Q3
2966,1396.8166666666666,93,S10,Q3
2967,1396.8833333333334,93,S10,Q3
2968,1398.65,93,S10,Q3
2969,1398.85,93,S7,Q3
2970,1398.8666666666666,93,S5,Q3
2971,1399.15,93,S4,Q3
2972,1399.1833333333334,93,Q2,S10
2973,1399.1833333333334,93,Q2,S10
2974,1399.4333333333334,93,Q2,S10
2975,1399.9,93,S10,Q3
2976,1401.0166666666667,93,S10,Q3
2977,1401.1,93,S10,Q3
2978,1401.2166666666667,93,Q2,S10
2979,1402.8333333333333,93,S7,Q3
2980,1403.35,93,S10,Q3
2981,1404.15,93,Q2,S1
2982,1404.15,93,Q2,S1
2983,1404.4,93,Q2,S10
2984,1405.5166666666667,93,S5,Q3
2985,1406.45,93,S10,Q3
2986,1406.5333333333333,93,Q2,S10
2987,1406.5333333333333,93,Q2,S10
2988,1406.8666666666666,93,S5,Q3
2989,1407.5666666666666,93,Q2,S10
2990,1409.35,93,S10,Q3
2991,1409.55,93,Q2,S9
2992,1409.55,93,Q2,S9
2993,1409.8166666666666,93,S10,Q3
2994,1410.7833333333333,94,S11,Q3
2995,1411.9,94,Q2,S3
2996,1412.7333333333333,94,S10,Q3
2997,1413.1333333333334,94,S10,Q3
2998,1413.15,94,S11,Q3
2999,1413.5666666666666,94,Q2,S10
3000,1413.5666666666666,94,Q2,S10
3001,1413.8166666666666,94,Q2,S7
3002,1413.8166666666666,94,Q2,S7
3003,1414.7666666666667,94,Q2,S10
3004,1414.7666666666667,94,Q2,S10
3005,1414.8333333333333,94,Q2,S7
3006,1414.8333333333333,94,Q2,S1
3007,1414.8666666666666,94,S10,Q3
3008,1415.15,94,S11,Q3
3009,1415.4666666666667,94,S10,Q3
3010,1415.9833333333333,94,S10,Q3
3011,1416.0333333333333,94,S7,Q3
3012,1417.2166666666667,94,Q2,S1
3013,1417.2166666666667,94,Q2,S9
3014,1417.85,94,Q2,S10
3015,1418.0666666666666,94,S7,Q3
3016,1418.2333333333333,94,S10,Q3
3017,1419.2166666666667,94,Q2,S10
3018,1420.3833333333334,94,Q2,S1
3019,1420.3833333333334,94,Q2,S1
3020,1420.6,94,S11,Q3
3021,1420.9666666666667,94,S10,Q3
3022,1421.4166666666667,94,S10,Q3
3023,1421.8,94,Q2,S11
3024,1422.1833333333334,94,Q2,S4
3025,1422.1833333333334,94,Q2,S1
3026,1422.8833333333334,94,S5,Q3
3027,1423.2833333333333,94,S7,Q3
3028,1424.0666666666666,94,Q2,S10
3029,1424.7,94,Q2,S1
3030,1424.7,94,Q2,S11
3031,1425.35,95,S11,Q2
3032,1425.4333333333334,95,S10,Q3
3033,1425.6333333333334,95,S10,Q3
3034,1425.7,95,Q2,S11
3035,1427.0333333333333,95,S11,Q3
3036,1427.4333333333334,95,Q2,S10
3037,1427.4333333333334,95,Q2,S10
3038,1428.4833333333333,95,S11,Q3
3039,1428.8833333333334,95,Q2,S10
3040,1428.9333333333334,95,S9,Q3
3041,1428.95,95,S10,Q3
3042,1429.5166666666667,95,S7,Q3
3043,1429.7833333333333,95,Q2,S7
3044,1431.1,95,S9,Q3
3045,1432.3,95,Q2,S10
3046,1432.9666666666667,95,Q2,S7
3047,1432.9666666666667,95,Q2,S7
3048,1434.6666666666667,95,S9,Q3
3049,1434.8833333333334,95,S11,Q3
3050,1435.0833333333333,95,S11,Q2
3051,1435.5333333333333,95,S7,Q3
3052,1435.9666666666667,95,Q2,S7
3053,1435.9666666666667,95,Q2,S7
3054,1436.5666666666666,95,Q2,S10
3055,1436.5666666666666,95,Q2,S10
3056,1436.85,95,S9,Q3
3057,1438.3,95,Q2,S10
3058,1438.3,95,Q2,S10
3059,1438.4,95,S11,Q3
3060,1440.0333333333333,96,Q2,S7
3061,1440.0333333333333,96,Q2,S7
3062,1440.1,96,S7,Q3
3063,1440.3833333333334,96,Q2,S1
3064,1440.3833333333334,96,Q2,S7
3065,1440.7666666666667,96,S11,Q3
3066,1440.95,96,S10,Q3
3067,1441.8,96,S4,Q3
3068,1442.7166666666667,96,S9,Q3
3069,1443.0,96,Q2,S3
3070,1443.0,96,Q2,S3
3071,1444.05,96,S7,Q3
3072,1445.1166666666666,96,S7,Q3
3073,1445.3,96,S11,Q3
3074,1445.45,96,S9,Q3
3075,1445.6166666666666,96,Q2,S4
3076,1445.6166666666666,96,Q2,S1
3077,1445.7333333333333,96,Q2,S7
3078,1445.7333333333333,96,Q2,S7
3079,1447.3,96,S10,Q3
3080,1447.85,96,Q2,S7
3081,1447.85,96,Q2,S7
3082,1448.4666666666667,96,S9,Q3
3083,1448.6833333333334,96,S7,Q3
3084,1448.8,96,S10,Q3
3085,1449.5,96,S11,Q3
3086,1449.7166666666667,96,S10,Q3
3087,1451.3166666666666,96,Q2,S4
3088,1452.2833333333333,96,S11,Q3
3089,1452.5333333333333,96,S10,Q3
3090,1452.65,96,S10,Q3
3091,1452.8666666666666,96,S4,Q3
3092,1453.3,96,Q2,S2
3093,1454.9666666666667,96,S7,Q3
3094,1455.1833333333334,97,S5,Q3
3095,1455.9333333333334,97,S10,Q3
3096,1456.5833333333333,97,S9,Q3
3097,1456.6666666666667,97,Q2,S1
3098,1456.6666666666667,97,Q2,S1
3099,1457.3333333333333,97,Q2,S10
3100,1457.3333333333333,97,Q2,S10
3101,1458.65,97,Q2,S7
3102,1458.65,97,Q2,S3
3103,1458.85,97,S9,Q3
3104,1459.1333333333334,97,Q2,S1
3105,1459.1333333333334,97,Q2,S1
3106,1461.6333333333334,97,S9,Q3
3107,1461.9,97,Q2,S4
3108,1462.9333333333334,97,Q2,S1
3109,1462.9666666666667,97,Q2,S7
3110,1462.9666666666667,97,Q2,S3
3111,1463.1666666666667,97,S5,Q3
3112,1464.7666666666667,97,Q2,S9
3113,1466.3166666666666,97,Q2,S3
3114,1466.35,97,S5,Q3
3115,1466.4833333333333,97,S5,Q3
3116,1470.0166666666667,98,Q2,S4
3117,1470.2333333333333,98,S5,Q3
3118,1470.6833333333334,98,Q2,S9
3119,1470.6833333333334,98,Q2,S9
3120,1470.8833333333334,98,S5,Q3
3121,1471.5666666666666,98,S4,Q3
3122,1474.8166666666666,98,Q2,S8
3123,1474.8166666666666,98,Q2,S7
3124,1474.9166666666667,98,Q2,S10
3125,1474.9166666666667,98,Q2,S10
3126,1474.9333333333334,98,S5,Q3
3127,1475.2,98,S4,Q3
3128,1477.0333333333333,98,Q2,S11
3129,1477.0333333333333,98,Q2,S2
3130,1478.1833333333334,98,S4,Q3
3131,1478.7833333333333,98,S5,Q3
3132,1480.6833333333334,98,Q2,S4
3133,1480.6833333333334,98,Q2,S4
3134,1481.1333333333334,98,S5,Q3
3135,1481.2666666666667,98,Q2,S7
3136,1481.2666666666667,98,Q2,S7
3137,1481.35,98,S4,Q3
3138,1481.3833333333334,98,S11,Q2
3139,1482.4333333333334,98,S5,Q3
3140,1485.7833333333333,99,S5,Q3
3141,1486.9833333333333,99,S4,Q3
3142,1487.4833333333333,99,S10,Q3
3143,1488.7833333333333,99,S4,Q3
3144,1491.2833333333333,99,S10,Q3
3145,1491.6,99,S4,Q3
3146,1494.3666666666666,99,S4,Q3
3147,1496.2,99,S5,Q3
3148,1496.2833333333333,99,S5,Q3
3149,1499.5333333333333,99,S5,Q3
3150,1530.7,102,Q2,S4
3151,1533.4666666666667,102,Q2,S7
3152,1539.2333333333333,102,S10,Q3
3153,1544.1666666666667,102,Q3,S1
3154,1552.7,103,Q3,S4
3155,1553.8833333333334,103,Q3,S7
3156,1557.7,103,S10,Q3
3157,1602.2833333333333,106,S10,Q3
3158,1604.5,106,S11,Q3
3159,1604.6333333333334,106,Q3,S1
3160,1608.0833333333333,107,S11,Q3
3161,1616.6333333333334,107,Q2,S10
3162,1625.7,108,Q2,S11
3163,1631.2,108,S11,Q3
3164,1635.4,109,S11,Q3
3165,1651.3,110,S10,Q3
3166,1655.2833333333333,110,S10,Q3
3167,1660.5,110,S7,Q3
3168,1670.8333333333333,111,S4,Q3
3169,1775.4833333333333,118,Q2,S10
3170,1797.1666666666667,119,Q2,S11
3171,1817.1,121,S5,Q2
3172,1818.0166666666667,121,S5,Q2
3173,1820.1666666666667,121,S5,Q2
3174,1820.3333333333333,121,S5,Q2
3175,1853.9,123,Q3,S7
3176,1855.4166666666667,123,Q3,S2
3177,1900.85,126,Q3,S2
3178,1924.1666666666667,128,Q3,S2
3179,1949.0333333333333,129,Q3,S5
3180,1955.4666666666667,130,Q3,S7
3181,1957.4166666666667,130,Q3,S10
3182,1960.4833333333333,130,Q3,S11
3183,1963.4,130,Q3,S7
3184,1978.6833333333334,131,Q3,S7
3185,1982.7833333333333,132,Q3,S4
3186,2009.45,133,S10,Q2
3187,2012.4166666666667,134,S10,Q2
3188,2016.7833333333333,134,S10,Q2
3189,2018.9333333333334,134,S4,Q2
3190,2021.7833333333333,134,S7,Q3
3191,2022.6166666666666,134,S4,Q2
3192,2027.9333333333334,135,S7,Q3
3193,2030.2666666666667,135,S4,Q2
3194,2033.4,135,Q2,S4
3195,2046.8166666666666,136,Q2,S8
3196,2069.85,137,S10,Q2
3197,2074.4,138,Q4,S10
3198,2188.8,145,Q4,S10
3199,2189.483333333333,145,Q4,S7
3200,2190.55,146,S8,Q4
3201,2192.15,146,S8,Q4
3202,2192.266666666667,146,Q4,S4
3203,2193.35,146,Q4,S4
3204,2195.483333333333,146,Q4,S2
3205,2215.9,147,S10,Q4
3206,2228.9,148,S10,Q4
