decision_step,time_stamp_min,origin,destination,count
0,0.0,Q1,S2,1
0,0.0,Q4,S5,1
1,15.0,Q1,S2,1
1,15.0,Q2,S5,1
1,15.0,Q2,S8,1
2,30.0,Q1,S1,2
2,30.0,Q1,S2,1
2,30.0,Q1,S11,1
2,30.0,Q2,S5,1
2,30.0,Q2,S7,1
2,30.0,Q4,S8,1
3,45.0,Q2,S1,1
3,45.0,Q2,S4,1
3,45.0,Q2,S12,1
3,45.0,Q4,S1,1
3,45.0,Q4,S4,1
3,45.0,Q4,S7,1
3,45.0,Q4,S8,1
3,45.0,Q4,S12,2
4,60.0,Q2,S2,3
4,60.0,Q2,S3,1
4,60.0,Q2,S4,2
4,60.0,Q2,S7,1
4,60.0,Q2,S10,2
4,60.0,Q2,S11,1
4,60.0,Q2,S12,4
4,60.0,Q4,S1,1
4,60.0,Q4,S2,1
4,60.0,Q4,S4,3
4,60.0,Q4,S7,2
4,60.0,Q4,S11,3
5,75.0,Q2,S1,3
5,75.0,Q2,S2,1
5,75.0,Q2,S4,4
5,75.0,Q2,S10,1
5,75.0,Q4,S2,1
5,75.0,Q4,S5,1
5,75.0,Q4,S8,5
5,75.0,Q4,S9,1
5,75.0,Q4,S11,4
6,90.0,Q2,S1,4
6,90.0,Q2,S2,3
6,90.0,Q2,S8,1
6,90.0,Q3,S1,2
6,90.0,Q3,S5,1
6,90.0,Q4,S1,1
6,90.0,Q4,S2,1
6,90.0,Q4,S4,2
6,90.0,Q4,S7,1
6,90.0,Q4,S8,1
6,90.0,Q4,S11,1
7,105.0,Q3,S12,3
7,105.0,Q4,S10,4
7,105.0,Q4,S12,1
10,150.0,Q2,S1,1
10,150.0,Q2,S2,1
10,150.0,Q2,S12,1
10,150.0,Q3,S2,1
10,150.0,Q4,S1,1
10,150.0,Q4,S2,1
10,150.0,Q4,S9,1
10,150.0,Q4,S10,2
11,165.0,Q3,S1,8
11,165.0,Q3,S2,4
11,165.0,Q3,S4,1
11,165.0,Q3,S8,1
11,165.0,Q3,S9,1
11,165.0,Q3,S11,1
11,165.0,Q3,S12,1
11,165.0,Q4,S1,1
11,165.0,Q4,S3,1
11,165.0,Q4,S4,1
13,195.0,Q2,S2,1
13,195.0,Q3,S2,1
13,195.0,Q3,S7,1
13,195.0,Q3,S12,1
14,210.0,Q2,S2,6
14,210.0,Q2,S4,1
14,210.0,Q2,S7,4
14,210.0,Q3,S1,5
14,210.0,Q3,S2,5
14,210.0,Q3,S3,3
14,210.0,Q3,S4,3
14,210.0,Q3,S8,10
14,210.0,Q3,S10,2
14,210.0,Q3,S11,1
14,210.0,Q3,S12,1
14,210.0,Q4,S2,1
15,225.0,Q2,S1,2
15,225.0,Q2,S7,2
15,225.0,Q2,S8,1
15,225.0,Q3,S1,5
15,225.0,Q3,S2,2
15,225.0,Q3,S4,7
15,225.0,Q3,S7,1
15,225.0,Q3,S8,5
15,225.0,Q3,S12,2
15,225.0,Q4,S8,3
15,225.0,Q4,S9,1
15,225.0,S5,Q3,1
16,240.0,Q2,S1,2
16,240.0,Q2,S2,2
16,240.0,Q2,S3,1
16,240.0,Q2,S4,1
16,240.0,Q2,S8,1
16,240.0,Q3,S1,2
16,240.0,Q3,S3,2
16,240.0,Q3,S4,4
16,240.0,Q3,S8,1
16,240.0,Q3,S12,5
16,240.0,Q4,S1,1
16,240.0,Q4,S4,1
16,240.0,Q4,S8,4
16,240.0,S5,Q3,2
17,255.0,Q2,S1,6
17,255.0,Q2,S2,1
17,255.0,Q2,S5,1
17,255.0,Q2,S8,1
17,255.0,Q3,S1,5
17,255.0,Q3,S2,1
17,255.0,Q3,S4,2
17,255.0,Q3,S9,6
17,255.0,Q3,S10,2
17,255.0,Q3,S12,4
17,255.0,Q4,S8,4
17,255.0,Q4,S11,1
17,255.0,S2,Q3,1
17,255.0,S4,Q3,1
17,255.0,S5,Q3,5
18,270.0,Q2,S1,4
18,270.0,Q2,S3,1
18,270.0,Q2,S4,1
18,270.0,Q2,S7,2
18,270.0,Q2,S8,3
18,270.0,Q2,S11,2
18,270.0,Q3,S1,4
18,270.0,Q3,S4,4
18,270.0,Q3,S8,4
18,270.0,Q3,S9,3
18,270.0,Q3,S12,2
18,270.0,Q4,S1,1
18,270.0,Q4,S8,2
18,270.0,Q4,S9,1
18,270.0,Q4,S11,1
18,270.0,S2,Q3,2
18,270.0,S4,Q3,2
18,270.0,S5,Q3,3
18,270.0,S11,Q4,1
19,285.0,Q2,S1,2
19,285.0,Q2,S2,1
19,285.0,Q2,S7,1
19,285.0,Q2,S8,2
19,285.0,Q2,S10,3
19,285.0,Q2,S11,1
19,285.0,Q3,S1,1
19,285.0,Q3,S2,2
19,285.0,Q3,S3,1
19,285.0,Q3,S5,1
19,285.0,Q3,S8,2
19,285.0,Q3,S9,2
19,285.0,Q3,S11,4
19,285.0,Q3,S12,3
19,285.0,Q4,S12,1
19,285.0,S2,Q3,4
19,285.0,S4,Q3,2
19,285.0,S5,Q3,3
19,285.0,S7,Q4,2
19,285.0,S11,Q4,1
20,300.0,Q2,S1,2
20,300.0,Q2,S2,1
20,300.0,Q2,S4,1
20,300.0,Q2,S11,5
20,300.0,Q3,S1,1
20,300.0,Q3,S2,1
20,300.0,Q3,S3,1
20,300.0,Q3,S8,1
20,300.0,Q3,S9,1
20,300.0,Q3,S12,5
20,300.0,Q4,S2,1
20,300.0,Q4,S8,3
20,300.0,Q4,S9,2
20,300.0,S4,Q3,1
20,300.0,S5,Q3,4
20,300.0,S7,Q4,1
20,300.0,S11,Q3,5
20,300.0,S11,Q4,3
21,315.0,Q2,S1,6
21,315.0,Q2,S2,2
21,315.0,Q2,S7,1
21,315.0,Q2,S8,1
21,315.0,Q2,S9,2
21,315.0,Q2,S10,3
21,315.0,Q2,S11,5
21,315.0,Q3,S1,1
21,315.0,Q3,S2,2
21,315.0,Q3,S3,3
21,315.0,Q3,S4,1
21,315.0,Q3,S8,1
21,315.0,Q3,S9,2
21,315.0,Q3,S11,1
21,315.0,Q3,S12,2
21,315.0,Q4,S8,2
21,315.0,Q4,S11,1
21,315.0,S4,Q3,6
21,315.0,S5,Q3,1
21,315.0,S8,Q3,2
21,315.0,S11,Q3,3
21,315.0,S11,Q4,3
22,330.0,Q2,S1,5
22,330.0,Q2,S2,8
22,330.0,Q2,S10,1
22,330.0,Q3,S1,1
22,330.0,Q3,S2,1
22,330.0,Q3,S8,1
22,330.0,Q4,S2,3
22,330.0,Q4,S3,2
22,330.0,S2,Q3,4
22,330.0,S4,Q3,10
22,330.0,S8,Q3,5
22,330.0,S11,Q4,1
23,345.0,Q2,S1,2
23,345.0,Q2,S2,6
23,345.0,Q2,S4,2
23,345.0,Q2,S5,1
23,345.0,Q3,S7,1
23,345.0,Q3,S11,3
23,345.0,Q4,S8,1
23,345.0,Q4,S11,2
23,345.0,S2,Q3,1
23,345.0,S4,Q3,4
23,345.0,S7,Q3,2
23,345.0,S8,Q3,6
23,345.0,S10,Q3,2
24,360.0,Q2,S1,5
24,360.0,Q2,S2,7
24,360.0,Q2,S3,1
24,360.0,Q2,S4,2
24,360.0,Q2,S7,2
24,360.0,Q2,S10,1
24,360.0,Q2,S11,3
24,360.0,Q3,S1,1
24,360.0,Q3,S2,1
24,360.0,Q3,S4,2
24,360.0,Q3,S8,2
24,360.0,Q3,S9,1
24,360.0,Q3,S12,1
24,360.0,Q4,S3,2
24,360.0,Q4,S9,2
24,360.0,S4,Q3,3
24,360.0,S7,Q3,3
24,360.0,S8,Q3,1
24,360.0,S10,Q3,3
25,375.0,Q2,S1,1
25,375.0,Q2,S2,5
25,375.0,Q2,S3,1
25,375.0,Q2,S4,7
25,375.0,Q2,S5,1
25,375.0,Q2,S8,2
25,375.0,Q2,S10,2
25,375.0,Q2,S12,2
25,375.0,Q3,S2,1
25,375.0,Q3,S4,3
25,375.0,Q3,S8,2
25,375.0,Q3,S12,2
25,375.0,Q4,S5,1
25,375.0,Q4,S9,2
25,375.0,Q4,S10,2
25,375.0,Q4,S12,2
25,375.0,S4,Q3,5
25,375.0,S7,Q3,1
25,375.0,S8,Q3,6
25,375.0,S10,Q3,3
26,390.0,Q2,S1,2
26,390.0,Q2,S2,4
26,390.0,Q2,S4,6
26,390.0,Q2,S5,5
26,390.0,Q2,S7,2
26,390.0,Q2,S10,1
26,390.0,Q2,S11,3
26,390.0,Q3,S2,1
26,390.0,Q3,S3,1
26,390.0,Q3,S4,1
26,390.0,Q3,S7,2
26,390.0,Q3,S8,2
26,390.0,Q4,S1,3
26,390.0,Q4,S2,2
26,390.0,Q4,S3,1
26,390.0,Q4,S7,1
26,390.0,Q4,S10,1
26,390.0,Q4,S11,2
26,390.0,Q4,S12,2
26,390.0,S4,Q3,6
26,390.0,S8,Q3,2
26,390.0,S11,Q3,3
26,390.0,S11,Q4,3
27,405.0,Q2,S1,1
27,405.0,Q2,S2,2
27,405.0,Q2,S4,10
27,405.0,Q2,S8,1
27,405.0,Q2,S10,1
27,405.0,Q2,S12,2
27,405.0,Q3,S5,1
27,405.0,Q3,S7,1
27,405.0,Q3,S8,1
27,405.0,Q3,S11,1
27,405.0,Q4,S2,2
27,405.0,Q4,S4,2
27,405.0,Q4,S8,1
27,405.0,Q4,S10,1
27,405.0,S4,Q3,1
27,405.0,S7,Q3,1
27,405.0,S8,Q3,3
27,405.0,S8,Q4,1
27,405.0,S10,Q3,1
27,405.0,S11,Q3,2
28,420.0,Q2,S2,12
28,420.0,Q2,S3,3
28,420.0,Q2,S4,3
28,420.0,Q2,S5,1
28,420.0,Q2,S7,1
28,420.0,Q2,S10,1
28,420.0,Q2,S12,1
28,420.0,Q3,S1,1
28,420.0,Q3,S4,1
28,420.0,Q3,S8,1
28,420.0,Q3,S11,1
28,420.0,Q4,S2,1
28,420.0,Q4,S4,1
28,420.0,Q4,S7,2
28,420.0,Q4,S10,3
28,420.0,Q4,S11,1
28,420.0,S4,Q3,1
28,420.0,S7,Q3,2
28,420.0,S8,Q4,1
28,420.0,S10,Q3,1
28,420.0,S11,Q4,1
29,435.0,Q2,S2,4
29,435.0,Q2,S4,3
29,435.0,Q2,S7,2
29,435.0,Q2,S8,1
29,435.0,Q2,S11,1
29,435.0,Q3,S1,2
29,435.0,Q3,S4,1
29,435.0,Q3,S5,1
29,435.0,Q3,S7,2
29,435.0,Q3,S8,3
29,435.0,Q4,S1,1
29,435.0,Q4,S4,1
29,435.0,Q4,S7,1
29,435.0,Q4,S11,1
29,435.0,Q4,S12,1
29,435.0,S4,Q3,2
29,435.0,S7,Q3,1
29,435.0,S8,Q4,1
29,435.0,S11,Q4,2
30,450.0,Q2,S1,2
30,450.0,Q2,S2,4
30,450.0,Q2,S9,1
30,450.0,Q3,S1,2
30,450.0,Q3,S2,1
30,450.0,Q3,S3,1
30,450.0,Q3,S4,3
30,450.0,Q3,S7,1
30,450.0,Q3,S10,1
30,450.0,Q4,S1,1
30,450.0,Q4,S10,1
30,450.0,Q4,S11,3
31,465.0,Q2,S10,1
31,465.0,Q2,S11,1
31,465.0,Q3,S2,2
31,465.0,Q3,S3,1
31,465.0,Q3,S8,2
31,465.0,Q3,S12,1
31,465.0,S4,Q3,1
31,465.0,S7,Q3,3
31,465.0,S11,Q4,1
32,480.0,Q2,S2,2
32,480.0,Q2,S7,1
32,480.0,Q2,S11,1
32,480.0,Q3,S3,1
32,480.0,Q3,S4,1
32,480.0,Q3,S7,1
32,480.0,Q3,S9,1
32,480.0,Q4,S7,1
32,480.0,S4,Q3,1
32,480.0,S7,Q3,1
32,480.0,S8,Q4,1
32,480.0,S10,Q3,3
32,480.0,S11,Q4,2
33,495.0,Q2,S2,7
33,495.0,Q2,S4,1
33,495.0,Q2,S7,1
33,495.0,Q2,S10,1
33,495.0,Q2,S11,2
33,495.0,Q3,S1,2
33,495.0,Q3,S2,3
33,495.0,Q3,S3,1
33,495.0,Q3,S4,2
33,495.0,Q3,S5,2
33,495.0,Q3,S7,1
33,495.0,Q3,S8,2
33,495.0,Q3,S9,1
33,495.0,Q3,S10,2
33,495.0,Q3,S11,2
33,495.0,Q4,S2,1
33,495.0,Q4,S4,2
33,495.0,S7,Q3,4
33,495.0,S8,Q4,2
33,495.0,S10,Q3,2
34,510.0,Q2,S2,3
34,510.0,Q2,S3,1
34,510.0,Q2,S8,1
34,510.0,Q2,S9,1
34,510.0,Q2,S10,1
34,510.0,Q3,S1,2
34,510.0,Q3,S2,3
34,510.0,Q3,S3,1
34,510.0,Q3,S4,2
34,510.0,Q3,S7,1
34,510.0,Q3,S8,2
34,510.0,Q3,S9,2
34,510.0,Q3,S11,3
34,510.0,Q4,S1,1
34,510.0,Q4,S4,2
34,510.0,Q4,S11,2
34,510.0,S4,Q3,1
34,510.0,S7,Q3,3
34,510.0,S8,Q4,2
34,510.0,S10,Q3,2
35,525.0,Q2,S2,4
35,525.0,Q2,S4,1
35,525.0,Q2,S8,1
35,525.0,Q2,S10,1
35,525.0,Q2,S11,2
35,525.0,Q3,S1,1
35,525.0,Q3,S2,6
35,525.0,Q3,S4,2
35,525.0,Q3,S8,1
35,525.0,Q3,S10,1
35,525.0,Q3,S11,1
35,525.0,Q4,S2,1
35,525.0,Q4,S4,2
35,525.0,Q4,S7,1
35,525.0,Q4,S8,1
35,525.0,Q4,S10,1
35,525.0,Q4,S11,1
35,525.0,Q4,S12,1
35,525.0,S4,Q3,4
35,525.0,S7,Q3,4
35,525.0,S7,Q4,3
35,525.0,S8,Q4,2
36,540.0,Q2,S2,6
36,540.0,Q2,S10,2
36,540.0,Q2,S11,3
36,540.0,Q3,S2,4
36,540.0,Q3,S3,1
36,540.0,Q3,S7,2
36,540.0,Q3,S8,4
36,540.0,Q3,S10,3
36,540.0,Q3,S11,1
36,540.0,Q4,S11,6
36,540.0,S4,Q3,1
36,540.0,S4,Q4,1
36,540.0,S7,Q3,2
36,540.0,S7,Q4,1
36,540.0,S10,Q3,1
37,555.0,Q2,S1,2
37,555.0,Q2,S2,2
37,555.0,Q2,S7,2
37,555.0,Q2,S10,2
37,555.0,Q3,S1,1
37,555.0,Q3,S2,2
37,555.0,Q3,S3,1
37,555.0,Q3,S4,3
37,555.0,Q3,S5,1
37,555.0,Q3,S7,3
37,555.0,Q3,S8,1
37,555.0,Q3,S10,2
37,555.0,S4,Q3,1
37,555.0,S7,Q3,2
37,555.0,S7,Q4,2
37,555.0,S10,Q3,3
38,570.0,Q3,S1,1
38,570.0,Q3,S2,1
38,570.0,Q3,S4,4
38,570.0,Q3,S7,3
38,570.0,Q3,S8,3
38,570.0,Q3,S9,1
38,570.0,Q3,S10,4
38,570.0,Q3,S11,1
38,570.0,S4,Q3,2
38,570.0,S7,Q3,3
39,585.0,Q2,S1,2
39,585.0,Q2,S2,1
39,585.0,Q2,S7,1
39,585.0,Q2,S10,2
39,585.0,Q2,S11,1
39,585.0,Q3,S1,2
39,585.0,Q3,S2,2
39,585.0,Q3,S5,1
39,585.0,Q3,S7,3
39,585.0,Q3,S8,4
39,585.0,Q3,S10,2
39,585.0,Q3,S11,6
39,585.0,Q4,S2,1
39,585.0,Q4,S8,1
40,600.0,Q2,S1,3
40,600.0,Q2,S2,2
40,600.0,Q2,S8,1
40,600.0,Q2,S10,1
40,600.0,Q2,S11,1
40,600.0,Q3,S1,3
40,600.0,Q3,S2,4
40,600.0,Q3,S3,1
40,600.0,Q3,S4,4
40,600.0,Q3,S5,1
40,600.0,Q3,S7,3
40,600.0,Q3,S8,3
40,600.0,Q3,S10,4
40,600.0,Q3,S11,4
40,600.0,Q3,S12,4
40,600.0,Q4,S4,2
40,600.0,Q4,S10,1
40,600.0,Q4,S11,1
40,600.0,S7,Q3,1
40,600.0,S10,Q3,2
41,615.0,Q2,S1,4
41,615.0,Q2,S2,5
41,615.0,Q2,S4,1
41,615.0,Q2,S7,1
41,615.0,Q2,S8,1
41,615.0,Q2,S11,2
41,615.0,Q2,S12,1
41,615.0,Q3,S1,3
41,615.0,Q3,S2,4
41,615.0,Q3,S4,3
41,615.0,Q3,S5,1
41,615.0,Q3,S8,3
41,615.0,Q3,S10,2
41,615.0,Q3,S11,1
41,615.0,Q4,S4,1
41,615.0,Q4,S7,2
41,615.0,Q4,S8,1
41,615.0,Q4,S10,2
41,615.0,S4,Q3,1
41,615.0,S7,Q3,1
42,630.0,Q2,S1,4
42,630.0,Q2,S2,1
42,630.0,Q2,S10,2
42,630.0,Q2,S11,3
42,630.0,Q3,S1,7
42,630.0,Q3,S2,1
42,630.0,Q3,S7,2
42,630.0,Q3,S8,1
42,630.0,Q3,S9,1
42,630.0,Q3,S10,2
42,630.0,Q3,S11,3
42,630.0,Q3,S12,1
42,630.0,Q4,S1,2
42,630.0,Q4,S4,1
42,630.0,Q4,S8,1
42,630.0,S4,Q3,4
42,630.0,S7,Q3,1
42,630.0,S11,Q2,1
43,645.0,Q2,S1,2
43,645.0,Q2,S7,1
43,645.0,Q2,S8,1
43,645.0,Q2,S10,1
43,645.0,Q3,S2,1
43,645.0,Q3,S4,2
43,645.0,Q3,S7,5
43,645.0,Q3,S8,4
43,645.0,Q3,S10,1
43,645.0,Q3,S11,3
43,645.0,Q3,S12,1
43,645.0,Q4,S1,2
43,645.0,S4,Q3,3
43,645.0,S4,Q4,1
43,645.0,S7,Q3,1
43,645.0,S10,Q3,1
43,645.0,S11,Q2,3
44,660.0,Q2,S1,2
44,660.0,Q2,S2,1
44,660.0,Q2,S7,1
44,660.0,Q2,S9,1
44,660.0,Q2,S11,1
44,660.0,Q3,S1,1
44,660.0,Q3,S2,1
44,660.0,Q3,S7,4
44,660.0,Q3,S10,3
44,660.0,Q3,S12,1
44,660.0,Q4,S8,1
44,660.0,Q4,S11,3
44,660.0,S4,Q4,2
44,660.0,S7,Q2,1
44,660.0,S7,Q3,3
44,660.0,S10,Q3,2
44,660.0,S11,Q2,1
44,660.0,S11,Q3,1
45,675.0,Q2,S5,1
45,675.0,Q3,S1,1
45,675.0,Q3,S2,1
45,675.0,Q3,S3,2
45,675.0,Q3,S4,2
45,675.0,Q3,S7,4
45,675.0,Q3,S10,6
45,675.0,Q3,S11,3
45,675.0,Q4,S4,2
45,675.0,Q4,S8,1
45,675.0,Q4,S10,2
45,675.0,Q4,S12,1
45,675.0,S4,Q4,1
45,675.0,S5,Q2,2
45,675.0,S7,Q2,4
45,675.0,S7,Q3,3
45,675.0,S8,Q3,1
45,675.0,S10,Q3,2
45,675.0,S11,Q2,2
45,675.0,S11,Q3,5
46,690.0,Q2,S1,2
46,690.0,Q2,S5,2
46,690.0,Q3,S3,3
46,690.0,Q3,S7,4
46,690.0,Q3,S8,4
46,690.0,Q3,S10,4
46,690.0,Q3,S12,1
46,690.0,Q4,S1,3
46,690.0,Q4,S10,3
46,690.0,S1,Q3,1
46,690.0,S4,Q3,3
46,690.0,S5,Q2,1
46,690.0,S8,Q3,1
46,690.0,S10,Q2,2
46,690.0,S10,Q3,2
46,690.0,S11,Q2,2
46,690.0,S11,Q3,3
47,705.0,Q2,S2,1
47,705.0,Q2,S4,1
47,705.0,Q2,S8,1
47,705.0,Q2,S11,1
47,705.0,Q3,S7,2
47,705.0,Q4,S4,1
47,705.0,Q4,S8,1
47,705.0,Q4,S10,7
47,705.0,Q4,S11,1
47,705.0,S4,Q3,6
47,705.0,S7,Q2,3
47,705.0,S7,Q3,4
47,705.0,S8,Q2,1
47,705.0,S10,Q3,1
47,705.0,S11,Q2,4
47,705.0,S11,Q3,2
48,720.0,Q2,S4,1
48,720.0,Q2,S11,4
48,720.0,Q4,S1,1
48,720.0,Q4,S4,2
48,720.0,Q4,S8,4
48,720.0,Q4,S10,2
48,720.0,Q4,S11,1
48,720.0,S4,Q3,6
48,720.0,S7,Q2,1
48,720.0,S7,Q3,4
48,720.0,S8,Q2,3
48,720.0,S10,Q2,2
48,720.0,S10,Q3,4
48,720.0,S11,Q2,6
48,720.0,S11,Q3,11
49,735.0,Q2,S2,1
49,735.0,Q2,S4,1
49,735.0,Q2,S8,2
49,735.0,Q2,S10,2
49,735.0,Q2,S11,1
49,735.0,Q4,S4,4
49,735.0,Q4,S7,1
49,735.0,Q4,S8,2
49,735.0,Q4,S10,4
49,735.0,Q4,S11,1
49,735.0,S4,Q3,3
49,735.0,S7,Q2,2
49,735.0,S7,Q3,3
49,735.0,S8,Q2,4
49,735.0,S10,Q2,3
49,735.0,S10,Q3,2
49,735.0,S11,Q2,4
49,735.0,S11,Q3,7
49,735.0,S12,Q3,2
50,750.0,Q2,S1,5
50,750.0,Q2,S10,1
50,750.0,Q4,S1,1
50,750.0,Q4,S2,1
50,750.0,Q4,S4,1
50,750.0,Q4,S7,2
50,750.0,Q4,S11,3
50,750.0,S4,Q3,2
50,750.0,S7,Q2,2
50,750.0,S7,Q3,4
50,750.0,S8,Q2,2
50,750.0,S8,Q3,2
50,750.0,S10,Q2,2
50,750.0,S10,Q3,1
50,750.0,S11,Q2,1
50,750.0,S11,Q3,10
51,765.0,Q2,S8,2
51,765.0,Q2,S11,1
51,765.0,Q4,S2,2
51,765.0,Q4,S5,1
51,765.0,Q4,S11,1
51,765.0,S4,Q3,2
51,765.0,S7,Q2,3
51,765.0,S7,Q3,2
51,765.0,S10,Q2,4
51,765.0,S10,Q3,2
51,765.0,S11,Q2,5
51,765.0,S11,Q3,2
52,780.0,Q2,S4,1
52,780.0,Q2,S11,1
52,780.0,Q3,S1,1
52,780.0,Q4,S1,1
52,780.0,Q4,S2,1
52,780.0,Q4,S3,4
52,780.0,Q4,S4,1
52,780.0,Q4,S8,3
52,780.0,Q4,S11,1
52,780.0,S4,Q3,1
52,780.0,S7,Q2,5
52,780.0,S8,Q2,1
52,780.0,S10,Q2,2
52,780.0,S11,Q2,3
52,780.0,S11,Q3,5
53,795.0,Q2,S4,1
53,795.0,Q2,S5,1
53,795.0,Q3,S1,6
53,795.0,Q3,S4,5
53,795.0,Q3,S5,2
53,795.0,Q3,S8,3
53,795.0,Q4,S3,1
53,795.0,Q4,S4,2
53,795.0,Q4,S5,1
53,795.0,Q4,S8,2
53,795.0,S5,Q2,2
53,795.0,S7,Q2,9
53,795.0,S11,Q3,5
54,810.0,Q2,S1,1
54,810.0,Q3,S1,3
54,810.0,Q3,S2,4
54,810.0,Q3,S3,1
54,810.0,Q3,S4,1
54,810.0,Q3,S5,1
54,810.0,Q3,S7,1
54,810.0,Q3,S8,1
54,810.0,Q3,S10,1
54,810.0,Q4,S2,3
54,810.0,Q4,S5,2
54,810.0,Q4,S8,1
54,810.0,S7,Q2,5
54,810.0,S10,Q2,1
54,810.0,S11,Q3,6
55,825.0,Q3,S1,4
55,825.0,Q3,S4,2
55,825.0,Q3,S5,3
55,825.0,Q3,S7,1
55,825.0,Q3,S8,4
55,825.0,Q3,S10,4
55,825.0,Q3,S11,1
55,825.0,Q4,S2,1
55,825.0,Q4,S3,2
55,825.0,Q4,S4,1
55,825.0,S1,Q2,1
55,825.0,S4,Q3,1
55,825.0,S7,Q2,2
55,825.0,S11,Q2,2
55,825.0,S11,Q3,1
56,840.0,Q2,S1,1
56,840.0,Q2,S2,2
56,840.0,Q2,S4,2
56,840.0,Q2,S10,1
56,840.0,Q2,S11,6
56,840.0,Q3,S1,7
56,840.0,Q3,S2,5
56,840.0,Q3,S3,1
56,840.0,Q3,S4,3
56,840.0,Q3,S5,3
56,840.0,Q3,S7,1
56,840.0,Q3,S8,3
56,840.0,Q3,S9,2
56,840.0,Q3,S10,1
56,840.0,Q4,S2,2
57,855.0,Q2,S1,1
57,855.0,Q2,S2,1
57,855.0,Q2,S5,4
57,855.0,Q2,S7,1
57,855.0,Q2,S11,1
57,855.0,Q3,S1,1
57,855.0,Q3,S2,5
57,855.0,Q3,S3,1
57,855.0,Q3,S4,1
57,855.0,Q3,S5,2
57,855.0,Q3,S7,1
57,855.0,Q3,S8,3
57,855.0,Q3,S9,1
57,855.0,Q3,S10,4
57,855.0,Q4,S2,1
57,855.0,Q4,S4,1
57,855.0,Q4,S10,2
57,855.0,Q4,S11,1
58,870.0,Q2,S2,1
58,870.0,Q2,S3,2
58,870.0,Q2,S10,3
58,870.0,Q2,S11,1
58,870.0,Q3,S1,2
58,870.0,Q3,S2,7
58,870.0,Q3,S3,2
58,870.0,Q3,S4,1
58,870.0,Q3,S7,2
58,870.0,Q3,S9,1
58,870.0,Q3,S11,1
58,870.0,Q4,S1,1
58,870.0,Q4,S2,1
58,870.0,Q4,S4,1
59,885.0,Q2,S1,2
59,885.0,Q2,S2,1
59,885.0,Q2,S4,1
59,885.0,Q2,S5,1
59,885.0,Q2,S9,1
59,885.0,Q2,S10,4
59,885.0,Q3,S1,1
59,885.0,Q3,S2,6
59,885.0,Q3,S3,3
59,885.0,Q3,S4,3
59,885.0,Q3,S5,2
59,885.0,Q3,S7,1
59,885.0,Q3,S8,2
59,885.0,Q3,S9,1
59,885.0,Q3,S10,2
59,885.0,Q4,S2,2
60,900.0,Q2,S1,2
60,900.0,Q2,S4,1
60,900.0,Q2,S5,1
60,900.0,Q2,S8,1
60,900.0,Q2,S11,1
60,900.0,Q3,S1,3
60,900.0,Q3,S2,6
60,900.0,Q3,S3,2
60,900.0,Q3,S4,2
60,900.0,Q3,S7,2
60,900.0,Q3,S8,2
60,900.0,Q3,S10,2
60,900.0,Q3,S11,1
60,900.0,Q4,S2,2
60,900.0,Q4,S7,1
61,915.0,Q2,S2,1
61,915.0,Q2,S5,1
61,915.0,Q2,S10,2
61,915.0,Q2,S11,4
61,915.0,Q2,S12,1
61,915.0,Q3,S1,5
61,915.0,Q3,S2,3
61,915.0,Q3,S4,2
61,915.0,Q3,S7,4
61,915.0,Q3,S9,2
61,915.0,Q3,S10,3
61,915.0,Q3,S11,4
61,915.0,Q3,S12,1
61,915.0,Q4,S1,1
61,915.0,Q4,S7,1
61,915.0,Q4,S10,1
62,930.0,Q2,S1,3
62,930.0,Q2,S2,2
62,930.0,Q2,S8,1
62,930.0,Q2,S10,2
62,930.0,Q2,S11,1
62,930.0,Q2,S12,1
62,930.0,Q3,S1,6
62,930.0,Q3,S2,1
62,930.0,Q3,S3,1
62,930.0,Q3,S4,6
62,930.0,Q3,S8,1
62,930.0,Q3,S9,1
62,930.0,Q3,S10,4
62,930.0,Q3,S11,7
62,930.0,Q4,S2,3
62,930.0,Q4,S5,1
63,945.0,Q2,S1,1
63,945.0,Q2,S2,1
63,945.0,Q2,S7,3
63,945.0,Q2,S8,1
63,945.0,Q2,S10,1
63,945.0,Q2,S11,4
63,945.0,Q3,S1,7
63,945.0,Q3,S2,6
63,945.0,Q3,S3,2
63,945.0,Q3,S4,2
63,945.0,Q3,S8,3
63,945.0,Q3,S10,4
63,945.0,Q3,S11,2
63,945.0,Q4,S2,1
63,945.0,Q4,S5,1
63,945.0,Q4,S7,1
64,960.0,Q2,S1,3
64,960.0,Q2,S5,4
64,960.0,Q2,S8,2
64,960.0,Q2,S11,3
64,960.0,Q3,S1,4
64,960.0,Q3,S2,1
64,960.0,Q3,S4,2
64,960.0,Q3,S5,1
64,960.0,Q3,S7,2
64,960.0,Q3,S8,3
64,960.0,Q3,S10,4
64,960.0,Q3,S11,4
64,960.0,Q3,S12,1
64,960.0,Q4,S2,1
64,960.0,Q4,S4,1
64,960.0,Q4,S5,1
64,960.0,Q4,S11,1
65,975.0,Q2,S1,3
65,975.0,Q2,S3,1
65,975.0,Q2,S5,2
65,975.0,Q2,S8,5
65,975.0,Q2,S10,6
65,975.0,Q3,S1,3
65,975.0,Q3,S2,4
65,975.0,Q3,S3,2
65,975.0,Q3,S4,2
65,975.0,Q3,S5,1
65,975.0,Q3,S8,2
65,975.0,Q3,S10,4
65,975.0,Q4,S1,1
65,975.0,Q4,S4,2
65,975.0,Q4,S10,1
66,990.0,Q2,S2,2
66,990.0,Q2,S3,1
66,990.0,Q2,S7,1
66,990.0,Q2,S10,2
66,990.0,Q2,S11,4
66,990.0,Q2,S12,2
66,990.0,Q3,S1,4
66,990.0,Q3,S2,3
66,990.0,Q3,S3,1
66,990.0,Q3,S4,2
66,990.0,Q3,S7,3
66,990.0,Q3,S8,1
66,990.0,Q3,S9,1
66,990.0,Q3,S10,1
66,990.0,Q3,S11,3
66,990.0,Q4,S2,1
66,990.0,Q4,S4,1
67,1005.0,Q2,S2,2
67,1005.0,Q2,S3,1
67,1005.0,Q2,S5,1
67,1005.0,Q2,S9,1
67,1005.0,Q2,S10,1
67,1005.0,Q2,S11,2
67,1005.0,Q3,S1,3
67,1005.0,Q3,S2,1
67,1005.0,Q3,S5,1
67,1005.0,Q3,S7,3
67,1005.0,Q3,S11,1
67,1005.0,Q4,S2,2
67,1005.0,Q4,S10,1
67,1005.0,Q4,S11,1
67,1005.0,S10,Q3,2
68,1020.0,Q2,S1,1
68,1020.0,Q2,S5,1
68,1020.0,Q2,S7,1
68,1020.0,Q2,S8,1
68,1020.0,Q2,S10,3
68,1020.0,Q3,S1,8
68,1020.0,Q3,S2,2
68,1020.0,Q3,S3,2
68,1020.0,Q3,S4,3
68,1020.0,Q3,S5,1
68,1020.0,Q3,S8,2
68,1020.0,Q3,S10,2
68,1020.0,Q3,S11,2
68,1020.0,Q4,S2,1
68,1020.0,Q4,S4,1
68,1020.0,S10,Q3,2
68,1020.0,S11,Q3,4
69,1035.0,Q2,S2,3
69,1035.0,Q2,S4,1
69,1035.0,Q2,S7,2
69,1035.0,Q2,S10,10
69,1035.0,Q3,S1,8
69,1035.0,Q3,S2,2
69,1035.0,Q3,S3,1
69,1035.0,Q3,S5,3
69,1035.0,Q3,S8,3
69,1035.0,Q3,S10,2
69,1035.0,Q3,S11,4
69,1035.0,Q4,S1,1
69,1035.0,Q4,S2,2
69,1035.0,S10,Q3,2
69,1035.0,S11,Q3,3
70,1050.0,Q2,S1,1
70,1050.0,Q2,S2,2
70,1050.0,Q2,S5,2
70,1050.0,Q2,S7,2
70,1050.0,Q2,S10,4
70,1050.0,Q3,S1,5
70,1050.0,Q3,S2,1
70,1050.0,Q3,S3,1
70,1050.0,Q3,S4,4
70,1050.0,Q3,S5,1
70,1050.0,Q3,S7,2
70,1050.0,Q3,S8,5
70,1050.0,Q3,S10,1
70,1050.0,Q3,S11,8
70,1050.0,Q4,S2,2
70,1050.0,Q4,S3,1
70,1050.0,S5,Q3,1
70,1050.0,S11,Q3,3
71,1065.0,Q2,S1,1
71,1065.0,Q2,S2,3
71,1065.0,Q2,S4,1
71,1065.0,Q2,S5,1
71,1065.0,Q3,S1,7
71,1065.0,Q3,S2,4
71,1065.0,Q3,S4,2
71,1065.0,Q3,S5,3
71,1065.0,Q3,S7,1
71,1065.0,Q3,S8,5
71,1065.0,Q3,S10,2
71,1065.0,Q3,S11,3
71,1065.0,Q4,S2,2
71,1065.0,Q4,S10,1
71,1065.0,S5,Q3,1
71,1065.0,S10,Q3,4
71,1065.0,S11,Q3,4
72,1080.0,Q2,S4,1
72,1080.0,Q2,S7,1
72,1080.0,Q3,S1,6
72,1080.0,Q3,S3,1
72,1080.0,Q3,S4,3
72,1080.0,Q3,S5,2
72,1080.0,Q3,S7,2
72,1080.0,Q3,S8,3
72,1080.0,Q3,S10,2
72,1080.0,Q3,S11,8
72,1080.0,Q4,S1,1
72,1080.0,Q4,S2,2
72,1080.0,Q4,S7,1
72,1080.0,Q4,S8,1
73,1095.0,Q2,S2,3
73,1095.0,Q2,S5,1
73,1095.0,Q2,S8,2
73,1095.0,Q3,S1,9
73,1095.0,Q3,S2,3
73,1095.0,Q3,S3,2
73,1095.0,Q3,S4,2
73,1095.0,Q3,S5,2
73,1095.0,Q3,S7,1
73,1095.0,Q3,S8,5
73,1095.0,Q3,S10,4
73,1095.0,Q3,S11,10
73,1095.0,Q4,S2,3
73,1095.0,S10,Q3,2
74,1110.0,Q2,S2,2
74,1110.0,Q2,S8,1
74,1110.0,Q2,S10,2
74,1110.0,Q2,S11,2
74,1110.0,Q3,S1,4
74,1110.0,Q3,S2,3
74,1110.0,Q3,S3,4
74,1110.0,Q3,S4,4
74,1110.0,Q3,S5,2
74,1110.0,Q3,S7,5
74,1110.0,Q3,S8,2
74,1110.0,Q3,S10,1
74,1110.0,Q3,S11,6
74,1110.0,Q4,S1,1
74,1110.0,Q4,S8,1
75,1125.0,Q2,S7,2
75,1125.0,Q2,S9,1
75,1125.0,Q2,S10,4
75,1125.0,Q2,S11,1
75,1125.0,Q3,S1,1
75,1125.0,Q3,S3,4
75,1125.0,Q3,S4,4
75,1125.0,Q3,S5,1
75,1125.0,Q3,S8,2
75,1125.0,Q3,S10,5
75,1125.0,Q3,S11,10
76,1140.0,Q2,S1,2
76,1140.0,Q2,S3,4
76,1140.0,Q2,S7,2
76,1140.0,Q2,S9,1
76,1140.0,Q2,S10,4
76,1140.0,Q3,S1,6
76,1140.0,Q3,S3,1
76,1140.0,Q3,S4,3
76,1140.0,Q3,S5,2
76,1140.0,Q3,S7,3
76,1140.0,Q3,S8,4
76,1140.0,Q3,S9,2
76,1140.0,Q3,S10,3
76,1140.0,Q3,S11,3
76,1140.0,Q3,S12,1
77,1155.0,Q3,S1,7
77,1155.0,Q3,S5,3
77,1155.0,Q3,S7,1
77,1155.0,Q3,S8,1
77,1155.0,Q3,S10,4
77,1155.0,Q3,S11,5
78,1170.0,Q2,S1,1
78,1170.0,Q2,S9,1
78,1170.0,Q2,S11,1
78,1170.0,Q2,S12,2
78,1170.0,Q3,S1,3
78,1170.0,Q3,S3,1
78,1170.0,Q3,S4,2
78,1170.0,Q3,S7,1
78,1170.0,Q3,S8,4
78,1170.0,Q3,S10,6
78,1170.0,Q3,S11,4
78,1170.0,Q3,S12,1
79,1185.0,Q2,S2,1
79,1185.0,Q2,S4,1
79,1185.0,Q2,S7,1
79,1185.0,Q2,S9,1
79,1185.0,Q2,S10,1
79,1185.0,Q3,S1,5
79,1185.0,Q3,S3,1
79,1185.0,Q3,S4,1
79,1185.0,Q3,S5,1
79,1185.0,Q3,S8,2
79,1185.0,Q3,S9,1
79,1185.0,Q3,S10,2
79,1185.0,Q3,S11,2
80,1200.0,Q2,S1,1
80,1200.0,Q2,S3,1
80,1200.0,Q2,S10,1
80,1200.0,Q2,S12,2
80,1200.0,Q3,S1,2
80,1200.0,Q3,S3,1
80,1200.0,Q3,S4,1
80,1200.0,Q3,S5,2
80,1200.0,Q3,S8,5
80,1200.0,Q3,S9,3
80,1200.0,Q3,S10,7
80,1200.0,Q3,S11,3
80,1200.0,S7,Q3,2
81,1215.0,Q2,S2,1
81,1215.0,Q2,S3,2
81,1215.0,Q2,S8,1
81,1215.0,Q2,S10,2
81,1215.0,Q3,S1,5
81,1215.0,Q3,S4,2
81,1215.0,Q3,S5,3
81,1215.0,Q3,S8,3
81,1215.0,Q3,S10,2
81,1215.0,Q3,S11,7
81,1215.0,S7,Q3,2
82,1230.0,Q2,S1,2
82,1230.0,Q2,S2,2
82,1230.0,Q2,S10,2
82,1230.0,Q3,S1,4
82,1230.0,Q3,S8,6
82,1230.0,Q3,S10,3
82,1230.0,Q3,S11,6
82,1230.0,S7,Q3,2
83,1245.0,Q2,S2,3
83,1245.0,Q3,S1,5
83,1245.0,Q3,S2,2
83,1245.0,Q3,S5,3
83,1245.0,Q3,S8,11
83,1245.0,Q3,S10,1
83,1245.0,Q3,S11,2
83,1245.0,S5,Q3,4
83,1245.0,S7,Q3,2
84,1260.0,Q2,S2,4
84,1260.0,Q2,S8,1
84,1260.0,Q2,S10,6
84,1260.0,Q3,S1,4
84,1260.0,Q3,S2,2
84,1260.0,Q3,S4,1
84,1260.0,Q3,S5,4
84,1260.0,Q3,S9,2
84,1260.0,Q3,S11,5
84,1260.0,Q3,S12,1
84,1260.0,S7,Q3,4
84,1260.0,S10,Q3,4
85,1275.0,Q2,S1,2
85,1275.0,Q2,S2,1
85,1275.0,Q2,S3,1
85,1275.0,Q2,S5,1
85,1275.0,Q2,S8,3
85,1275.0,Q2,S9,2
85,1275.0,Q3,S1,3
85,1275.0,Q3,S2,4
85,1275.0,Q3,S5,1
85,1275.0,Q3,S8,3
85,1275.0,Q3,S10,2
85,1275.0,Q3,S11,1
85,1275.0,S4,Q3,2
85,1275.0,S7,Q3,1
85,1275.0,S10,Q3,4
85,1275.0,S11,Q3,1
86,1290.0,Q2,S1,4
86,1290.0,Q2,S2,2
86,1290.0,Q2,S7,1
86,1290.0,Q2,S10,4
86,1290.0,Q2,S11,2
86,1290.0,Q3,S5,1
86,1290.0,Q3,S8,5
86,1290.0,Q3,S9,1
86,1290.0,Q3,S11,2
86,1290.0,S4,Q3,1
86,1290.0,S5,Q3,1
86,1290.0,S7,Q3,6
86,1290.0,S10,Q2,3
86,1290.0,S10,Q3,2
86,1290.0,S11,Q3,6
87,1305.0,Q2,S2,2
87,1305.0,Q2,S7,1
87,1305.0,Q2,S9,1
87,1305.0,Q2,S10,1
87,1305.0,Q3,S8,2
87,1305.0,Q3,S10,6
87,1305.0,Q3,S11,2
87,1305.0,S4,Q3,5
87,1305.0,S5,Q3,3
87,1305.0,S7,Q3,2
87,1305.0,S10,Q2,2
88,1320.0,Q2,S1,1
88,1320.0,Q2,S2,2
88,1320.0,Q2,S9,1
88,1320.0,Q2,S10,3
88,1320.0,Q3,S1,4
88,1320.0,Q3,S3,1
88,1320.0,Q3,S4,1
88,1320.0,Q3,S8,1
88,1320.0,Q3,S10,2
88,1320.0,Q3,S11,3
88,1320.0,S5,Q3,3
88,1320.0,S7,Q3,6
88,1320.0,S10,Q2,2
88,1320.0,S10,Q3,3
88,1320.0,S11,Q3,3
89,1335.0,Q2,S1,2
89,1335.0,Q2,S2,1
89,1335.0,Q2,S5,2
89,1335.0,Q2,S7,2
89,1335.0,Q2,S8,2
89,1335.0,Q2,S12,2
89,1335.0,S7,Q3,9
89,1335.0,S10,Q2,1
89,1335.0,S10,Q3,7
89,1335.0,S11,Q2,2
89,1335.0,S11,Q3,3
90,1350.0,Q2,S1,1
90,1350.0,Q2,S4,1
90,1350.0,Q2,S5,2
90,1350.0,Q2,S8,2
90,1350.0,Q2,S10,2
90,1350.0,Q2,S12,1
90,1350.0,S1,Q3,4
90,1350.0,S4,Q3,3
90,1350.0,S7,Q3,7
90,1350.0,S10,Q2,1
90,1350.0,S10,Q3,6
91,1365.0,Q2,S1,3
91,1365.0,Q2,S2,1
91,1365.0,Q2,S4,1
91,1365.0,Q2,S5,1
91,1365.0,Q2,S8,2
91,1365.0,Q2,S9,3
91,1365.0,Q2,S10,1
91,1365.0,S1,Q3,5
91,1365.0,S4,Q3,2
91,1365.0,S7,Q3,2
91,1365.0,S10,Q3,11
91,1365.0,S11,Q2,1
92,1380.0,Q2,S3,2
92,1380.0,Q2,S4,1
92,1380.0,Q2,S7,1
92,1380.0,Q2,S10,11
92,1380.0,Q2,S11,2
92,1380.0,S1,Q3,2
92,1380.0,S4,Q3,3
92,1380.0,S5,Q3,1
92,1380.0,S7,Q3,4
92,1380.0,S10,Q3,9
92,1380.0,S11,Q2,4
92,1380.0,S11,Q3,2
93,1395.0,Q2,S1,2
93,1395.0,Q2,S9,2
93,1395.0,Q2,S10,10
93,1395.0,S4,Q3,2
93,1395.0,S5,Q3,3
93,1395.0,S7,Q3,2
93,1395.0,S10,Q3,12
93,1395.0,S11,Q2,1
94,1410.0,Q2,S1,6
94,1410.0,Q2,S3,1
94,1410.0,Q2,S4,1
94,1410.0,Q2,S7,3
94,1410.0,Q2,S9,1
94,1410.0,Q2,S10,7
94,1410.0,Q2,S11,2
94,1410.0,S5,Q3,1
94,1410.0,S7,Q3,3
94,1410.0,S10,Q3,8
94,1410.0,S11,Q3,4
95,1425.0,Q2,S7,5
95,1425.0,Q2,S10,8
95,1425.0,Q2,S11,1
95,1425.0,S7,Q3,2
95,1425.0,S9,Q3,4
95,1425.0,S10,Q3,3
95,1425.0,S11,Q2,2
95,1425.0,S11,Q3,4
96,1440.0,Q2,S1,2
96,1440.0,Q2,S2,1
96,1440.0,Q2,S3,2
96,1440.0,Q2,S4,2
96,1440.0,Q2,S7,7
96,1440.0,S4,Q3,2
96,1440.0,S7,Q3,5
96,1440.0,S9,Q3,3
96,1440.0,S10,Q3,6
96,1440.0,S11,Q3,4
97,1455.0,Q2,S1,5
97,1455.0,Q2,S3,3
97,1455.0,Q2,S4,1
97,1455.0,Q2,S7,2
97,1455.0,Q2,S9,1
97,1455.0,Q2,S10,2
97,1455.0,S5,Q3,4
97,1455.0,S9,Q3,3
97,1455.0,S10,Q3,1
98,1470.0,Q2,S2,1
98,1470.0,Q2,S4,3
98,1470.0,Q2,S7,3
98,1470.0,Q2,S8,1
98,1470.0,Q2,S9,2
98,1470.0,Q2,S10,2
98,1470.0,Q2,S11,1
98,1470.0,S4,Q3,4
98,1470.0,S5,Q3,6
98,1470.0,S11,Q2,1
99,1485.0,S4,Q3,4
99,1485.0,S5,Q3,4
99,1485.0,S10,Q3,2
102,1530.0,Q2,S4,1
102,1530.0,Q2,S7,1
102,1530.0,Q3,S1,1
102,1530.0,S10,Q3,1
103,1545.0,Q3,S4,1
103,1545.0,Q3,S7,1
103,1545.0,S10,Q3,1
106,1590.0,Q3,S1,1
106,1590.0,S10,Q3,1
106,1590.0,S11,Q3,1
107,1605.0,Q2,S10,1
107,1605.0,S11,Q3,1
108,1620.0,Q2,S11,1
108,1620.0,S11,Q3,1
109,1635.0,S11,Q3,1
110,1650.0,S7,Q3,1
110,1650.0,S10,Q3,2
111,1665.0,S4,Q3,1
118,1770.0,Q2,S10,1
119,1785.0,Q2,S11,1
121,1815.0,S5,Q2,4
123,1845.0,Q3,S2,1
123,1845.0,Q3,S7,1
126,1890.0,Q3,S2,1
128,1920.0,Q3,S2,1
129,1935.0,Q3,S5,1
130,1950.0,Q3,S7,2
130,1950.0,Q3,S10,1
130,1950.0,Q3,S11,1
131,1965.0,Q3,S7,1
132,1980.0,Q3,S4,1
133,1995.0,S10,Q2,1
134,2010.0,S4,Q2,2
134,2010.0,S7,Q3,1
134,2010.0,S10,Q2,2
135,2025.0,Q2,S4,1
135,2025.0,S4,Q2,1
135,2025.0,S7,Q3,1
136,2040.0,Q2,S8,1
137,2055.0,S10,Q2,1
138,2070.0,Q4,S10,1
145,2175.0,Q4,S7,1
145,2175.0,Q4,S10,1
146,2190.0,Q4,S2,1
146,2190.0,Q4,S4,2
146,2190.0,S8,Q4,2
147,2205.0,S10,Q4,1
148,2220.0,S10,Q4,1
